calibration,id,age,sex,handedness,nationality,Native language,completionCode
0.66,A1V0L5FYLMAHTG,61,female,right-handed,American,English,lxtG8IVuPpd3iQA7

trialNo,type,title,content,trialText,stimFormat,stim1,fixation,key,ITI,presTime,randomBlock,random,button1,button2,button3,button4,button5,button6,button7,button8,button9,button10,button11,responseType,responseOptions,bgColor,textColor,orderPres,orderFile,timestamp,response,RT,correct
35,test,na,na,Emotion,.png,target27,1,na,500,1500,2,1,0,1,2,3,4,5,6,7,8,9,10,na,na,white,black,1,35,196511,2,2350,0
29,test,na,na,Emotion,.png,target47-target58,1,na,500,1500,2,1,0,1,2,3,4,5,6,7,8,9,10,na,na,white,black,2,29,199022,4,2004,0
28,test,na,na,Emotion,.png,target41-target54,1,na,500,1500,2,1,0,1,2,3,4,5,6,7,8,9,10,na,na,white,black,3,28,201054,3,1519,0
40,test,na,na,Emotion,.png,target57,1,na,500,1500,2,1,0,1,2,3,4,5,6,7,8,9,10,na,na,white,black,4,40,203473,8,1899,0
34,test,na,na,Emotion,.png,target11,1,na,500,1500,2,1,0,1,2,3,4,5,6,7,8,9,10,na,na,white,black,5,34,205280,8,1296,0
25,test,na,na,Emotion,.png,target46-target15,1,na,500,1500,2,1,0,1,2,3,4,5,6,7,8,9,10,na,na,white,black,6,25,207304,8,1513,0
38,test,na,na,Emotion,.png,target49,1,na,500,1500,2,1,0,1,2,3,4,5,6,7,8,9,10,na,na,white,black,7,38,209500,3,1668,0
36,test,na,na,Emotion,.png,target28,1,na,500,1500,2,1,0,1,2,3,4,5,6,7,8,9,10,na,na,white,black,8,36,211985,6,1975,0
30,test,na,na,Emotion,.png,target55-target16,1,na,500,1500,2,1,0,1,2,3,4,5,6,7,8,9,10,na,na,white,black,9,30,215086,4,2579,0
27,test,na,na,Emotion,.png,target35-target30,1,na,500,1500,2,1,0,1,2,3,4,5,6,7,8,9,10,na,na,white,black,10,27,217580,6,1982,0
24,test,na,na,Emotion,.png,target42-target12,1,na,500,1500,2,1,0,1,2,3,4,5,6,7,8,9,10,na,na,white,black,11,24,219828,7,1729,0
21,test,na,na,Emotion,.png,target6-target3,1,na,500,1500,2,1,0,1,2,3,4,5,6,7,8,9,10,na,na,white,black,12,21,221792,8,1443,0
32,test,na,na,Emotion,.png,target4,1,na,500,1500,2,1,0,1,2,3,4,5,6,7,8,9,10,na,na,white,black,13,32,224196,4,1892,0
23,test,na,na,Emotion,.png,target13-target59,1,na,500,1500,2,1,0,1,2,3,4,5,6,7,8,9,10,na,na,white,black,14,23,226492,7,1767,0
33,test,na,na,Emotion,.png,target8,1,na,500,1500,2,1,0,1,2,3,4,5,6,7,8,9,10,na,na,white,black,15,33,229032,2,2033,0
31,test,na,na,Emotion,.png,target2,1,na,500,1500,2,1,0,1,2,3,4,5,6,7,8,9,10,na,na,white,black,16,31,231134,3,1591,0
26,test,na,na,Emotion,.png,target29-target14,1,na,500,1500,2,1,0,1,2,3,4,5,6,7,8,9,10,na,na,white,black,17,26,233884,6,2226,0
37,test,na,na,Emotion,.png,target40,1,na,500,1500,2,1,0,1,2,3,4,5,6,7,8,9,10,na,na,white,black,18,37,236128,7,1719,0
39,test,na,na,Emotion,.png,target56,1,na,500,1500,2,1,0,1,2,3,4,5,6,7,8,9,10,na,na,white,black,19,39,238469,6,1834,0
22,test,na,na,Emotion,.png,target10-target1,1,na,500,1500,2,1,0,1,2,3,4,5,6,7,8,9,10,na,na,white,black,20,22,240748,7,1771,0
76,test,na,na,Meaning,.png,target28,1,na,500,1500,4,1,0,1,2,3,4,5,6,7,8,9,10,na,na,white,black,21,76,256428,6,1444,0
69,test,na,na,Meaning,.png,target47-target58,1,na,500,1500,4,1,0,1,2,3,4,5,6,7,8,9,10,na,na,white,black,22,69,258409,4,1472,0
80,test,na,na,Meaning,.png,target57,1,na,500,1500,4,1,0,1,2,3,4,5,6,7,8,9,10,na,na,white,black,23,80,260417,4,1496,0
73,test,na,na,Meaning,.png,target8,1,na,500,1500,4,1,0,1,2,3,4,5,6,7,8,9,10,na,na,white,black,24,73,262373,4,1447,0
74,test,na,na,Meaning,.png,target11,1,na,500,1500,4,1,0,1,2,3,4,5,6,7,8,9,10,na,na,white,black,25,74,264414,6,1520,0
78,test,na,na,Meaning,.png,target49,1,na,500,1500,4,1,0,1,2,3,4,5,6,7,8,9,10,na,na,white,black,26,78,266320,5,1392,0
63,test,na,na,Meaning,.png,target13-target59,1,na,500,1500,4,1,0,1,2,3,4,5,6,7,8,9,10,na,na,white,black,27,63,268620,7,1770,0
67,test,na,na,Meaning,.png,target35-target30,1,na,500,1500,4,1,0,1,2,3,4,5,6,7,8,9,10,na,na,white,black,28,67,270634,8,1504,0
62,test,na,na,Meaning,.png,target10-target1,1,na,500,1500,4,1,0,1,2,3,4,5,6,7,8,9,10,na,na,white,black,29,62,272468,9,1320,0
71,test,na,na,Meaning,.png,target2,1,na,500,1500,4,1,0,1,2,3,4,5,6,7,8,9,10,na,na,white,black,30,71,274372,4,1394,0
65,test,na,na,Meaning,.png,target46-target15,1,na,500,1500,4,1,0,1,2,3,4,5,6,7,8,9,10,na,na,white,black,31,65,276408,7,1528,0
79,test,na,na,Meaning,.png,target56,1,na,500,1500,4,1,0,1,2,3,4,5,6,7,8,9,10,na,na,white,black,32,79,278236,6,1322,0
61,test,na,na,Meaning,.png,target6-target3,1,na,500,1500,4,1,0,1,2,3,4,5,6,7,8,9,10,na,na,white,black,33,61,280023,5,1279,0
66,test,na,na,Meaning,.png,target29-target14,1,na,500,1500,4,1,0,1,2,3,4,5,6,7,8,9,10,na,na,white,black,34,66,281691,7,1158,0
75,test,na,na,Meaning,.png,target27,1,na,500,1500,4,1,0,1,2,3,4,5,6,7,8,9,10,na,na,white,black,35,75,283552,3,1349,0
64,test,na,na,Meaning,.png,target42-target12,1,na,500,1500,4,1,0,1,2,3,4,5,6,7,8,9,10,na,na,white,black,36,64,285440,5,1379,0
70,test,na,na,Meaning,.png,target55-target16,1,na,500,1500,4,1,0,1,2,3,4,5,6,7,8,9,10,na,na,white,black,37,70,287189,6,1241,0
72,test,na,na,Meaning,.png,target4,1,na,500,1500,4,1,0,1,2,3,4,5,6,7,8,9,10,na,na,white,black,38,72,288980,4,1266,0
77,test,na,na,Meaning,.png,target40,1,na,500,1500,4,1,0,1,2,3,4,5,6,7,8,9,10,na,na,white,black,39,77,290954,6,1454,0
68,test,na,na,Meaning,.png,target41-target54,1,na,500,1500,4,1,0,1,2,3,4,5,6,7,8,9,10,na,na,white,black,40,68,292722,8,1260,0
49,test,na,na,Motion,.png,target47-target58,1,na,500,1500,3,1,0,1,2,3,4,5,6,7,8,9,10,na,na,white,black,41,49,306183,6,1303,0
59,test,na,na,Motion,.png,target56,1,na,500,1500,3,1,0,1,2,3,4,5,6,7,8,9,10,na,na,white,black,42,59,307932,6,1212,0
46,test,na,na,Motion,.png,target29-target14,1,na,500,1500,3,1,0,1,2,3,4,5,6,7,8,9,10,na,na,white,black,43,46,309818,7,1356,0
42,test,na,na,Motion,.png,target10-target1,1,na,500,1500,3,1,0,1,2,3,4,5,6,7,8,9,10,na,na,white,black,44,42,311508,8,1181,0
54,test,na,na,Motion,.png,target11,1,na,500,1500,3,1,0,1,2,3,4,5,6,7,8,9,10,na,na,white,black,45,54,313270,4,1254,0
52,test,na,na,Motion,.png,target4,1,na,500,1500,3,1,0,1,2,3,4,5,6,7,8,9,10,na,na,white,black,46,52,315050,4,1271,0
50,test,na,na,Motion,.png,target55-target16,1,na,500,1500,3,1,0,1,2,3,4,5,6,7,8,9,10,na,na,white,black,47,50,316995,5,1421,0
44,test,na,na,Motion,.png,target42-target12,1,na,500,1500,3,1,0,1,2,3,4,5,6,7,8,9,10,na,na,white,black,48,44,318827,6,1322,0
56,test,na,na,Motion,.png,target28,1,na,500,1500,3,1,0,1,2,3,4,5,6,7,8,9,10,na,na,white,black,49,56,320628,7,1287,0
41,test,na,na,Motion,.png,target6-target3,1,na,500,1500,3,1,0,1,2,3,4,5,6,7,8,9,10,na,na,white,black,50,41,322431,8,1296,0
48,test,na,na,Motion,.png,target41-target54,1,na,500,1500,3,1,0,1,2,3,4,5,6,7,8,9,10,na,na,white,black,51,48,324240,7,1302,0
51,test,na,na,Motion,.png,target2,1,na,500,1500,3,1,0,1,2,3,4,5,6,7,8,9,10,na,na,white,black,52,51,326304,4,1536,0
57,test,na,na,Motion,.png,target40,1,na,500,1500,3,1,0,1,2,3,4,5,6,7,8,9,10,na,na,white,black,53,57,328038,6,1200,0
45,test,na,na,Motion,.png,target46-target15,1,na,500,1500,3,1,0,1,2,3,4,5,6,7,8,9,10,na,na,white,black,54,45,329797,7,1237,0
55,test,na,na,Motion,.png,target27,1,na,500,1500,3,1,0,1,2,3,4,5,6,7,8,9,10,na,na,white,black,55,55,331516,8,1212,0
47,test,na,na,Motion,.png,target35-target30,1,na,500,1500,3,1,0,1,2,3,4,5,6,7,8,9,10,na,na,white,black,56,47,333724,5,1702,0
53,test,na,na,Motion,.png,target8,1,na,500,1500,3,1,0,1,2,3,4,5,6,7,8,9,10,na,na,white,black,57,53,335727,4,1492,0
60,test,na,na,Motion,.png,target57,1,na,500,1500,3,1,0,1,2,3,4,5,6,7,8,9,10,na,na,white,black,58,60,338227,3,1980,0
43,test,na,na,Motion,.png,target13-target59,1,na,500,1500,3,1,0,1,2,3,4,5,6,7,8,9,10,na,na,white,black,59,43,340206,4,1460,0
58,test,na,na,Motion,.png,target49,1,na,500,1500,3,1,0,1,2,3,4,5,6,7,8,9,10,na,na,white,black,60,58,341814,4,1100,0
13,test,na,na,Intent,.png,target8,1,na,500,1500,1,1,0,1,2,3,4,5,6,7,8,9,10,na,na,white,black,61,13,356541,9,1921,0
9,test,na,na,Intent,.png,target47-target58,1,na,500,1500,1,1,0,1,2,3,4,5,6,7,8,9,10,na,na,white,black,62,9,358239,9,1186,0
8,test,na,na,Intent,.png,target41-target54,1,na,500,1500,1,1,0,1,2,3,4,5,6,7,8,9,10,na,na,white,black,63,8,359935,9,1158,0
7,test,na,na,Intent,.png,target35-target30,1,na,500,1500,1,1,0,1,2,3,4,5,6,7,8,9,10,na,na,white,black,64,7,361476,9,1025,0
18,test,na,na,Intent,.png,target49,1,na,500,1500,1,1,0,1,2,3,4,5,6,7,8,9,10,na,na,white,black,65,18,363017,9,1033,0
3,test,na,na,Intent,.png,target13-target59,1,na,500,1500,1,1,0,1,2,3,4,5,6,7,8,9,10,na,na,white,black,66,3,364694,9,1150,0
20,test,na,na,Intent,.png,target57,1,na,500,1500,1,1,0,1,2,3,4,5,6,7,8,9,10,na,na,white,black,67,20,366234,9,1033,0
1,test,na,na,Intent,.png,target6-target3,1,na,500,1500,1,1,0,1,2,3,4,5,6,7,8,9,10,na,na,white,black,68,1,368260,7,1498,0
16,test,na,na,Intent,.png,target28,1,na,500,1500,1,1,0,1,2,3,4,5,6,7,8,9,10,na,na,white,black,69,16,370123,6,1335,0
15,test,na,na,Intent,.png,target27,1,na,500,1500,1,1,0,1,2,3,4,5,6,7,8,9,10,na,na,white,black,70,15,372398,8,1752,0
11,test,na,na,Intent,.png,target2,1,na,500,1500,1,1,0,1,2,3,4,5,6,7,8,9,10,na,na,white,black,71,11,374138,9,1226,0
17,test,na,na,Intent,.png,target40,1,na,500,1500,1,1,0,1,2,3,4,5,6,7,8,9,10,na,na,white,black,72,17,376081,7,1422,0
2,test,na,na,Intent,.png,target10-target1,1,na,500,1500,1,1,0,1,2,3,4,5,6,7,8,9,10,na,na,white,black,73,2,377572,6,970,0
10,test,na,na,Intent,.png,target55-target16,1,na,500,1500,1,1,0,1,2,3,4,5,6,7,8,9,10,na,na,white,black,74,10,379076,7,997,0
19,test,na,na,Intent,.png,target56,1,na,500,1500,1,1,0,1,2,3,4,5,6,7,8,9,10,na,na,white,black,75,19,380678,8,1076,0
12,test,na,na,Intent,.png,target4,1,na,500,1500,1,1,0,1,2,3,4,5,6,7,8,9,10,na,na,white,black,76,12,382144,7,957,0
6,test,na,na,Intent,.png,target29-target14,1,na,500,1500,1,1,0,1,2,3,4,5,6,7,8,9,10,na,na,white,black,77,6,383529,8,876,0
5,test,na,na,Intent,.png,target46-target15,1,na,500,1500,1,1,0,1,2,3,4,5,6,7,8,9,10,na,na,white,black,78,5,384933,9,894,0
4,test,na,na,Intent,.png,target42-target12,1,na,500,1500,1,1,0,1,2,3,4,5,6,7,8,9,10,na,na,white,black,79,4,386411,8,968,0
14,test,na,na,Intent,.png,target11,1,na,500,1500,1,1,0,1,2,3,4,5,6,7,8,9,10,na,na,white,black,80,14,388159,7,1240,0
