calibration,id,age,sex,handedness,nationality,Native language,completionCode
0.79,ACI8PUCF5OPDC,32,female,right-handed,indian,tamil,yRtmhXD5bXoUvAw4

trialNo,type,title,content,trialText,stimFormat,stim1,fixation,key,ITI,presTime,randomBlock,random,button1,button2,button3,button4,button5,button6,button7,button8,button9,button10,button11,responseType,responseOptions,bgColor,textColor,orderPres,orderFile,timestamp,response,RT,correct
80,test,na,na,Meaning,.png,target57,1,na,500,1500,4,1,0,1,2,3,4,5,6,7,8,9,10,na,na,white,black,1,80,196027,7,4376,0
61,test,na,na,Meaning,.png,target6-target3,1,na,500,1500,4,1,0,1,2,3,4,5,6,7,8,9,10,na,na,white,black,2,61,199083,9,2553,0
77,test,na,na,Meaning,.png,target40,1,na,500,1500,4,1,0,1,2,3,4,5,6,7,8,9,10,na,na,white,black,3,77,202130,5,2542,0
71,test,na,na,Meaning,.png,target2,1,na,500,1500,4,1,0,1,2,3,4,5,6,7,8,9,10,na,na,white,black,4,71,205474,6,2839,0
72,test,na,na,Meaning,.png,target4,1,na,500,1500,4,1,0,1,2,3,4,5,6,7,8,9,10,na,na,white,black,5,72,208362,5,2385,0
79,test,na,na,Meaning,.png,target56,1,na,500,1500,4,1,0,1,2,3,4,5,6,7,8,9,10,na,na,white,black,6,79,212053,5,3188,0
75,test,na,na,Meaning,.png,target27,1,na,500,1500,4,1,0,1,2,3,4,5,6,7,8,9,10,na,na,white,black,7,75,214467,7,1910,0
63,test,na,na,Meaning,.png,target13-target59,1,na,500,1500,4,1,0,1,2,3,4,5,6,7,8,9,10,na,na,white,black,8,63,217274,9,2303,0
78,test,na,na,Meaning,.png,target49,1,na,500,1500,4,1,0,1,2,3,4,5,6,7,8,9,10,na,na,white,black,9,78,219827,9,2050,0
65,test,na,na,Meaning,.png,target46-target15,1,na,500,1500,4,1,0,1,2,3,4,5,6,7,8,9,10,na,na,white,black,10,65,222884,9,2554,0
74,test,na,na,Meaning,.png,target11,1,na,500,1500,4,1,0,1,2,3,4,5,6,7,8,9,10,na,na,white,black,11,74,225450,8,2062,0
62,test,na,na,Meaning,.png,target10-target1,1,na,500,1500,4,1,0,1,2,3,4,5,6,7,8,9,10,na,na,white,black,12,62,228083,8,2129,0
73,test,na,na,Meaning,.png,target8,1,na,500,1500,4,1,0,1,2,3,4,5,6,7,8,9,10,na,na,white,black,13,73,230682,9,2097,0
64,test,na,na,Meaning,.png,target42-target12,1,na,500,1500,4,1,0,1,2,3,4,5,6,7,8,9,10,na,na,white,black,14,64,233826,9,2640,0
68,test,na,na,Meaning,.png,target41-target54,1,na,500,1500,4,1,0,1,2,3,4,5,6,7,8,9,10,na,na,white,black,15,68,236435,2,2103,0
76,test,na,na,Meaning,.png,target28,1,na,500,1500,4,1,0,1,2,3,4,5,6,7,8,9,10,na,na,white,black,16,76,240138,6,3201,0
66,test,na,na,Meaning,.png,target29-target14,1,na,500,1500,4,1,0,1,2,3,4,5,6,7,8,9,10,na,na,white,black,17,66,242979,4,2336,0
69,test,na,na,Meaning,.png,target47-target58,1,na,500,1500,4,1,0,1,2,3,4,5,6,7,8,9,10,na,na,white,black,18,69,245522,2,2040,0
67,test,na,na,Meaning,.png,target35-target30,1,na,500,1500,4,1,0,1,2,3,4,5,6,7,8,9,10,na,na,white,black,19,67,247522,1,1497,0
70,test,na,na,Meaning,.png,target55-target16,1,na,500,1500,4,1,0,1,2,3,4,5,6,7,8,9,10,na,na,white,black,20,70,249819,1,1793,0
2,test,na,na,Intent,.png,target10-target1,1,na,500,1500,1,1,0,1,2,3,4,5,6,7,8,9,10,na,na,white,black,21,2,268483,8,2152,0
17,test,na,na,Intent,.png,target40,1,na,500,1500,1,1,0,1,2,3,4,5,6,7,8,9,10,na,na,white,black,22,17,270546,7,1561,0
9,test,na,na,Intent,.png,target47-target58,1,na,500,1500,1,1,0,1,2,3,4,5,6,7,8,9,10,na,na,white,black,23,9,272687,2,1636,0
16,test,na,na,Intent,.png,target28,1,na,500,1500,1,1,0,1,2,3,4,5,6,7,8,9,10,na,na,white,black,24,16,274740,8,1550,0
12,test,na,na,Intent,.png,target4,1,na,500,1500,1,1,0,1,2,3,4,5,6,7,8,9,10,na,na,white,black,25,12,277530,5,2286,0
20,test,na,na,Intent,.png,target57,1,na,500,1500,1,1,0,1,2,3,4,5,6,7,8,9,10,na,na,white,black,26,20,279754,7,1720,0
10,test,na,na,Intent,.png,target55-target16,1,na,500,1500,1,1,0,1,2,3,4,5,6,7,8,9,10,na,na,white,black,27,10,282163,3,1905,0
7,test,na,na,Intent,.png,target35-target30,1,na,500,1500,1,1,0,1,2,3,4,5,6,7,8,9,10,na,na,white,black,28,7,284467,2,1800,0
13,test,na,na,Intent,.png,target8,1,na,500,1500,1,1,0,1,2,3,4,5,6,7,8,9,10,na,na,white,black,29,13,287858,7,2887,0
14,test,na,na,Intent,.png,target11,1,na,500,1500,1,1,0,1,2,3,4,5,6,7,8,9,10,na,na,white,black,30,14,289755,8,1393,0
1,test,na,na,Intent,.png,target6-target3,1,na,500,1500,1,1,0,1,2,3,4,5,6,7,8,9,10,na,na,white,black,31,1,292394,9,2135,0
6,test,na,na,Intent,.png,target29-target14,1,na,500,1500,1,1,0,1,2,3,4,5,6,7,8,9,10,na,na,white,black,32,6,294874,3,1976,0
8,test,na,na,Intent,.png,target41-target54,1,na,500,1500,1,1,0,1,2,3,4,5,6,7,8,9,10,na,na,white,black,33,8,296850,3,1472,0
5,test,na,na,Intent,.png,target46-target15,1,na,500,1500,1,1,0,1,2,3,4,5,6,7,8,9,10,na,na,white,black,34,5,298931,9,1577,0
18,test,na,na,Intent,.png,target49,1,na,500,1500,1,1,0,1,2,3,4,5,6,7,8,9,10,na,na,white,black,35,18,301930,9,2497,0
3,test,na,na,Intent,.png,target13-target59,1,na,500,1500,1,1,0,1,2,3,4,5,6,7,8,9,10,na,na,white,black,36,3,304338,9,1904,0
15,test,na,na,Intent,.png,target27,1,na,500,1500,1,1,0,1,2,3,4,5,6,7,8,9,10,na,na,white,black,37,15,306746,9,1903,0
11,test,na,na,Intent,.png,target2,1,na,500,1500,1,1,0,1,2,3,4,5,6,7,8,9,10,na,na,white,black,38,11,310154,7,2904,0
19,test,na,na,Intent,.png,target56,1,na,500,1500,1,1,0,1,2,3,4,5,6,7,8,9,10,na,na,white,black,39,19,313643,5,2985,0
4,test,na,na,Intent,.png,target42-target12,1,na,500,1500,1,1,0,1,2,3,4,5,6,7,8,9,10,na,na,white,black,40,4,317619,7,3473,0
36,test,na,na,Emotion,.png,target28,1,na,500,1500,2,1,0,1,2,3,4,5,6,7,8,9,10,na,na,white,black,41,36,336651,9,1297,0
30,test,na,na,Emotion,.png,target55-target16,1,na,500,1500,2,1,0,1,2,3,4,5,6,7,8,9,10,na,na,white,black,42,30,338931,3,1776,0
27,test,na,na,Emotion,.png,target35-target30,1,na,500,1500,2,1,0,1,2,3,4,5,6,7,8,9,10,na,na,white,black,43,27,340666,3,1231,0
31,test,na,na,Emotion,.png,target2,1,na,500,1500,2,1,0,1,2,3,4,5,6,7,8,9,10,na,na,white,black,44,31,342450,8,1280,0
32,test,na,na,Emotion,.png,target4,1,na,500,1500,2,1,0,1,2,3,4,5,6,7,8,9,10,na,na,white,black,45,32,344169,7,1216,0
28,test,na,na,Emotion,.png,target41-target54,1,na,500,1500,2,1,0,1,2,3,4,5,6,7,8,9,10,na,na,white,black,46,28,346524,3,1848,0
34,test,na,na,Emotion,.png,target11,1,na,500,1500,2,1,0,1,2,3,4,5,6,7,8,9,10,na,na,white,black,47,34,349202,8,2174,0
33,test,na,na,Emotion,.png,target8,1,na,500,1500,2,1,0,1,2,3,4,5,6,7,8,9,10,na,na,white,black,48,33,351130,8,1424,0
40,test,na,na,Emotion,.png,target57,1,na,500,1500,2,1,0,1,2,3,4,5,6,7,8,9,10,na,na,white,black,49,40,352972,8,1338,0
24,test,na,na,Emotion,.png,target42-target12,1,na,500,1500,2,1,0,1,2,3,4,5,6,7,8,9,10,na,na,white,black,50,24,354930,9,1453,0
22,test,na,na,Emotion,.png,target10-target1,1,na,500,1500,2,1,0,1,2,3,4,5,6,7,8,9,10,na,na,white,black,51,22,357282,9,1848,0
38,test,na,na,Emotion,.png,target49,1,na,500,1500,2,1,0,1,2,3,4,5,6,7,8,9,10,na,na,white,black,52,38,359114,9,1328,0
25,test,na,na,Emotion,.png,target46-target15,1,na,500,1500,2,1,0,1,2,3,4,5,6,7,8,9,10,na,na,white,black,53,25,361386,9,1768,0
39,test,na,na,Emotion,.png,target56,1,na,500,1500,2,1,0,1,2,3,4,5,6,7,8,9,10,na,na,white,black,54,39,363202,7,1312,0
37,test,na,na,Emotion,.png,target40,1,na,500,1500,2,1,0,1,2,3,4,5,6,7,8,9,10,na,na,white,black,55,37,365276,7,1570,0
23,test,na,na,Emotion,.png,target13-target59,1,na,500,1500,2,1,0,1,2,3,4,5,6,7,8,9,10,na,na,white,black,56,23,367955,9,2175,0
29,test,na,na,Emotion,.png,target47-target58,1,na,500,1500,2,1,0,1,2,3,4,5,6,7,8,9,10,na,na,white,black,57,29,370186,2,1727,0
21,test,na,na,Emotion,.png,target6-target3,1,na,500,1500,2,1,0,1,2,3,4,5,6,7,8,9,10,na,na,white,black,58,21,373322,9,2631,0
26,test,na,na,Emotion,.png,target29-target14,1,na,500,1500,2,1,0,1,2,3,4,5,6,7,8,9,10,na,na,white,black,59,26,375578,3,1752,0
35,test,na,na,Emotion,.png,target27,1,na,500,1500,2,1,0,1,2,3,4,5,6,7,8,9,10,na,na,white,black,60,35,377522,6,1441,0
51,test,na,na,Motion,.png,target2,1,na,500,1500,3,1,0,1,2,3,4,5,6,7,8,9,10,na,na,white,black,61,51,394690,7,1992,0
52,test,na,na,Motion,.png,target4,1,na,500,1500,3,1,0,1,2,3,4,5,6,7,8,9,10,na,na,white,black,62,52,396810,7,1617,0
57,test,na,na,Motion,.png,target40,1,na,500,1500,3,1,0,1,2,3,4,5,6,7,8,9,10,na,na,white,black,63,57,398506,7,1191,0
58,test,na,na,Motion,.png,target49,1,na,500,1500,3,1,0,1,2,3,4,5,6,7,8,9,10,na,na,white,black,64,58,400795,6,1785,0
53,test,na,na,Motion,.png,target8,1,na,500,1500,3,1,0,1,2,3,4,5,6,7,8,9,10,na,na,white,black,65,53,402683,7,1385,0
59,test,na,na,Motion,.png,target56,1,na,500,1500,3,1,0,1,2,3,4,5,6,7,8,9,10,na,na,white,black,66,59,404724,7,1537,0
54,test,na,na,Motion,.png,target11,1,na,500,1500,3,1,0,1,2,3,4,5,6,7,8,9,10,na,na,white,black,67,54,407299,7,2070,0
49,test,na,na,Motion,.png,target47-target58,1,na,500,1500,3,1,0,1,2,3,4,5,6,7,8,9,10,na,na,white,black,68,49,409722,4,1919,0
45,test,na,na,Motion,.png,target46-target15,1,na,500,1500,3,1,0,1,2,3,4,5,6,7,8,9,10,na,na,white,black,69,45,412842,8,2617,0
56,test,na,na,Motion,.png,target28,1,na,500,1500,3,1,0,1,2,3,4,5,6,7,8,9,10,na,na,white,black,70,56,414890,8,1544,0
46,test,na,na,Motion,.png,target29-target14,1,na,500,1500,3,1,0,1,2,3,4,5,6,7,8,9,10,na,na,white,black,71,46,416810,4,1417,0
41,test,na,na,Motion,.png,target6-target3,1,na,500,1500,3,1,0,1,2,3,4,5,6,7,8,9,10,na,na,white,black,72,41,418522,9,1209,0
50,test,na,na,Motion,.png,target55-target16,1,na,500,1500,3,1,0,1,2,3,4,5,6,7,8,9,10,na,na,white,black,73,50,421107,4,2081,0
42,test,na,na,Motion,.png,target10-target1,1,na,500,1500,3,1,0,1,2,3,4,5,6,7,8,9,10,na,na,white,black,74,42,424682,8,3071,0
44,test,na,na,Motion,.png,target42-target12,1,na,500,1500,3,1,0,1,2,3,4,5,6,7,8,9,10,na,na,white,black,75,44,426834,9,1649,0
48,test,na,na,Motion,.png,target41-target54,1,na,500,1500,3,1,0,1,2,3,4,5,6,7,8,9,10,na,na,white,black,76,48,428914,4,1576,0
43,test,na,na,Motion,.png,target13-target59,1,na,500,1500,3,1,0,1,2,3,4,5,6,7,8,9,10,na,na,white,black,77,43,432995,7,3577,0
60,test,na,na,Motion,.png,target57,1,na,500,1500,3,1,0,1,2,3,4,5,6,7,8,9,10,na,na,white,black,78,60,435730,6,2232,0
47,test,na,na,Motion,.png,target35-target30,1,na,500,1500,3,1,0,1,2,3,4,5,6,7,8,9,10,na,na,white,black,79,47,438002,4,1767,0
55,test,na,na,Motion,.png,target27,1,na,500,1500,3,1,0,1,2,3,4,5,6,7,8,9,10,na,na,white,black,80,55,441259,6,2753,0
