calibration,id,age,sex,handedness,nationality,Native language,completionCode
0.83,A3CEJ2UFP0VDF2,35,female,right-handed,american,english,AhfJ8c3dQhaeuISn

trialNo,type,title,content,trialText,stimFormat,stim1,fixation,key,ITI,presTime,randomBlock,random,button1,button2,button3,button4,button5,button6,button7,button8,button9,button10,button11,responseType,responseOptions,bgColor,textColor,orderPres,orderFile,timestamp,response,RT,correct
41,test,na,na,Motion,.png,target6-target3,1,na,500,1500,3,1,0,1,2,3,4,5,6,7,8,9,10,na,na,white,black,1,41,147607,11,1549,0
48,test,na,na,Motion,.png,target41-target54,1,na,500,1500,3,1,0,1,2,3,4,5,6,7,8,9,10,na,na,white,black,2,48,149342,4,1231,0
53,test,na,na,Motion,.png,target8,1,na,500,1500,3,1,0,1,2,3,4,5,6,7,8,9,10,na,na,white,black,3,53,151581,8,1735,0
49,test,na,na,Motion,.png,target47-target58,1,na,500,1500,3,1,0,1,2,3,4,5,6,7,8,9,10,na,na,white,black,4,49,153590,9,1504,0
42,test,na,na,Motion,.png,target10-target1,1,na,500,1500,3,1,0,1,2,3,4,5,6,7,8,9,10,na,na,white,black,5,42,155390,11,1297,0
55,test,na,na,Motion,.png,target27,1,na,500,1500,3,1,0,1,2,3,4,5,6,7,8,9,10,na,na,white,black,6,55,157283,2,1389,0
45,test,na,na,Motion,.png,target46-target15,1,na,500,1500,3,1,0,1,2,3,4,5,6,7,8,9,10,na,na,white,black,7,45,159339,8,1552,0
50,test,na,na,Motion,.png,target55-target16,1,na,500,1500,3,1,0,1,2,3,4,5,6,7,8,9,10,na,na,white,black,8,50,162313,10,2469,0
44,test,na,na,Motion,.png,target42-target12,1,na,500,1500,3,1,0,1,2,3,4,5,6,7,8,9,10,na,na,white,black,9,44,164540,9,1724,0
54,test,na,na,Motion,.png,target11,1,na,500,1500,3,1,0,1,2,3,4,5,6,7,8,9,10,na,na,white,black,10,54,166343,8,1299,0
51,test,na,na,Motion,.png,target2,1,na,500,1500,3,1,0,1,2,3,4,5,6,7,8,9,10,na,na,white,black,11,51,168910,10,2062,0
56,test,na,na,Motion,.png,target28,1,na,500,1500,3,1,0,1,2,3,4,5,6,7,8,9,10,na,na,white,black,12,56,170785,6,1371,0
59,test,na,na,Motion,.png,target56,1,na,500,1500,3,1,0,1,2,3,4,5,6,7,8,9,10,na,na,white,black,13,59,172907,6,1617,0
47,test,na,na,Motion,.png,target35-target30,1,na,500,1500,3,1,0,1,2,3,4,5,6,7,8,9,10,na,na,white,black,14,47,174710,9,1299,0
43,test,na,na,Motion,.png,target13-target59,1,na,500,1500,3,1,0,1,2,3,4,5,6,7,8,9,10,na,na,white,black,15,43,177292,8,2077,0
52,test,na,na,Motion,.png,target4,1,na,500,1500,3,1,0,1,2,3,4,5,6,7,8,9,10,na,na,white,black,16,52,179245,10,1450,0
46,test,na,na,Motion,.png,target29-target14,1,na,500,1500,3,1,0,1,2,3,4,5,6,7,8,9,10,na,na,white,black,17,46,181364,7,1614,0
57,test,na,na,Motion,.png,target40,1,na,500,1500,3,1,0,1,2,3,4,5,6,7,8,9,10,na,na,white,black,18,57,183049,6,1181,0
58,test,na,na,Motion,.png,target49,1,na,500,1500,3,1,0,1,2,3,4,5,6,7,8,9,10,na,na,white,black,19,58,184714,6,1161,0
60,test,na,na,Motion,.png,target57,1,na,500,1500,3,1,0,1,2,3,4,5,6,7,8,9,10,na,na,white,black,20,60,186385,4,1167,0
63,test,na,na,Meaning,.png,target13-target59,1,na,500,1500,4,1,0,1,2,3,4,5,6,7,8,9,10,na,na,white,black,21,63,200934,9,2773,0
66,test,na,na,Meaning,.png,target29-target14,1,na,500,1500,4,1,0,1,2,3,4,5,6,7,8,9,10,na,na,white,black,22,66,203242,3,1805,0
64,test,na,na,Meaning,.png,target42-target12,1,na,500,1500,4,1,0,1,2,3,4,5,6,7,8,9,10,na,na,white,black,23,64,205109,4,1363,0
73,test,na,na,Meaning,.png,target8,1,na,500,1500,4,1,0,1,2,3,4,5,6,7,8,9,10,na,na,white,black,24,73,207853,8,2239,0
71,test,na,na,Meaning,.png,target2,1,na,500,1500,4,1,0,1,2,3,4,5,6,7,8,9,10,na,na,white,black,25,71,209869,11,1512,0
80,test,na,na,Meaning,.png,target57,1,na,500,1500,4,1,0,1,2,3,4,5,6,7,8,9,10,na,na,white,black,26,80,212081,2,1708,0
67,test,na,na,Meaning,.png,target35-target30,1,na,500,1500,4,1,0,1,2,3,4,5,6,7,8,9,10,na,na,white,black,27,67,215030,3,2446,0
69,test,na,na,Meaning,.png,target47-target58,1,na,500,1500,4,1,0,1,2,3,4,5,6,7,8,9,10,na,na,white,black,28,69,216668,3,1134,0
77,test,na,na,Meaning,.png,target40,1,na,500,1500,4,1,0,1,2,3,4,5,6,7,8,9,10,na,na,white,black,29,77,218867,5,1696,0
75,test,na,na,Meaning,.png,target27,1,na,500,1500,4,1,0,1,2,3,4,5,6,7,8,9,10,na,na,white,black,30,75,220972,6,1601,0
62,test,na,na,Meaning,.png,target10-target1,1,na,500,1500,4,1,0,1,2,3,4,5,6,7,8,9,10,na,na,white,black,31,62,223672,11,2197,0
74,test,na,na,Meaning,.png,target11,1,na,500,1500,4,1,0,1,2,3,4,5,6,7,8,9,10,na,na,white,black,32,74,225503,11,1327,0
79,test,na,na,Meaning,.png,target56,1,na,500,1500,4,1,0,1,2,3,4,5,6,7,8,9,10,na,na,white,black,33,79,227633,11,1625,0
68,test,na,na,Meaning,.png,target41-target54,1,na,500,1500,4,1,0,1,2,3,4,5,6,7,8,9,10,na,na,white,black,34,68,229445,4,1308,0
72,test,na,na,Meaning,.png,target4,1,na,500,1500,4,1,0,1,2,3,4,5,6,7,8,9,10,na,na,white,black,35,72,231762,10,1815,0
61,test,na,na,Meaning,.png,target6-target3,1,na,500,1500,4,1,0,1,2,3,4,5,6,7,8,9,10,na,na,white,black,36,61,233737,11,1471,0
70,test,na,na,Meaning,.png,target55-target16,1,na,500,1500,4,1,0,1,2,3,4,5,6,7,8,9,10,na,na,white,black,37,70,236271,5,2030,0
65,test,na,na,Meaning,.png,target46-target15,1,na,500,1500,4,1,0,1,2,3,4,5,6,7,8,9,10,na,na,white,black,38,65,238486,9,1711,0
76,test,na,na,Meaning,.png,target28,1,na,500,1500,4,1,0,1,2,3,4,5,6,7,8,9,10,na,na,white,black,39,76,241165,6,2175,0
78,test,na,na,Meaning,.png,target49,1,na,500,1500,4,1,0,1,2,3,4,5,6,7,8,9,10,na,na,white,black,40,78,243267,3,1598,0
33,test,na,na,Emotion,.png,target8,1,na,500,1500,2,1,0,1,2,3,4,5,6,7,8,9,10,na,na,white,black,41,33,260157,4,1317,0
28,test,na,na,Emotion,.png,target41-target54,1,na,500,1500,2,1,0,1,2,3,4,5,6,7,8,9,10,na,na,white,black,42,28,262271,2,1610,0
23,test,na,na,Emotion,.png,target13-target59,1,na,500,1500,2,1,0,1,2,3,4,5,6,7,8,9,10,na,na,white,black,43,23,264364,8,1590,0
40,test,na,na,Emotion,.png,target57,1,na,500,1500,2,1,0,1,2,3,4,5,6,7,8,9,10,na,na,white,black,44,40,266123,5,1256,0
31,test,na,na,Emotion,.png,target2,1,na,500,1500,2,1,0,1,2,3,4,5,6,7,8,9,10,na,na,white,black,45,31,267886,6,1259,0
34,test,na,na,Emotion,.png,target11,1,na,500,1500,2,1,0,1,2,3,4,5,6,7,8,9,10,na,na,white,black,46,34,269605,8,1215,0
26,test,na,na,Emotion,.png,target29-target14,1,na,500,1500,2,1,0,1,2,3,4,5,6,7,8,9,10,na,na,white,black,47,26,271360,4,1251,0
22,test,na,na,Emotion,.png,target10-target1,1,na,500,1500,2,1,0,1,2,3,4,5,6,7,8,9,10,na,na,white,black,48,22,273240,10,1377,0
35,test,na,na,Emotion,.png,target27,1,na,500,1500,2,1,0,1,2,3,4,5,6,7,8,9,10,na,na,white,black,49,35,275104,8,1360,0
37,test,na,na,Emotion,.png,target40,1,na,500,1500,2,1,0,1,2,3,4,5,6,7,8,9,10,na,na,white,black,50,37,276930,4,1323,0
32,test,na,na,Emotion,.png,target4,1,na,500,1500,2,1,0,1,2,3,4,5,6,7,8,9,10,na,na,white,black,51,32,279062,8,1628,0
39,test,na,na,Emotion,.png,target56,1,na,500,1500,2,1,0,1,2,3,4,5,6,7,8,9,10,na,na,white,black,52,39,281010,3,1445,0
36,test,na,na,Emotion,.png,target28,1,na,500,1500,2,1,0,1,2,3,4,5,6,7,8,9,10,na,na,white,black,53,36,283786,7,2272,0
27,test,na,na,Emotion,.png,target35-target30,1,na,500,1500,2,1,0,1,2,3,4,5,6,7,8,9,10,na,na,white,black,54,27,285840,4,1551,0
24,test,na,na,Emotion,.png,target42-target12,1,na,500,1500,2,1,0,1,2,3,4,5,6,7,8,9,10,na,na,white,black,55,24,287946,9,1602,0
38,test,na,na,Emotion,.png,target49,1,na,500,1500,2,1,0,1,2,3,4,5,6,7,8,9,10,na,na,white,black,56,38,290266,4,1816,0
29,test,na,na,Emotion,.png,target47-target58,1,na,500,1500,2,1,0,1,2,3,4,5,6,7,8,9,10,na,na,white,black,57,29,292178,3,1408,0
21,test,na,na,Emotion,.png,target6-target3,1,na,500,1500,2,1,0,1,2,3,4,5,6,7,8,9,10,na,na,white,black,58,21,294255,11,1574,0
30,test,na,na,Emotion,.png,target55-target16,1,na,500,1500,2,1,0,1,2,3,4,5,6,7,8,9,10,na,na,white,black,59,30,296322,6,1559,0
25,test,na,na,Emotion,.png,target46-target15,1,na,500,1500,2,1,0,1,2,3,4,5,6,7,8,9,10,na,na,white,black,60,25,298238,10,1411,0
10,test,na,na,Intent,.png,target55-target16,1,na,500,1500,1,1,0,1,2,3,4,5,6,7,8,9,10,na,na,white,black,61,10,309394,5,1324,0
7,test,na,na,Intent,.png,target35-target30,1,na,500,1500,1,1,0,1,2,3,4,5,6,7,8,9,10,na,na,white,black,62,7,310983,4,1085,0
17,test,na,na,Intent,.png,target40,1,na,500,1500,1,1,0,1,2,3,4,5,6,7,8,9,10,na,na,white,black,63,17,313641,4,2154,0
20,test,na,na,Intent,.png,target57,1,na,500,1500,1,1,0,1,2,3,4,5,6,7,8,9,10,na,na,white,black,64,20,315617,2,1472,0
5,test,na,na,Intent,.png,target46-target15,1,na,500,1500,1,1,0,1,2,3,4,5,6,7,8,9,10,na,na,white,black,65,5,318116,10,1995,0
15,test,na,na,Intent,.png,target27,1,na,500,1500,1,1,0,1,2,3,4,5,6,7,8,9,10,na,na,white,black,66,15,319939,4,1320,0
3,test,na,na,Intent,.png,target13-target59,1,na,500,1500,1,1,0,1,2,3,4,5,6,7,8,9,10,na,na,white,black,67,3,322433,7,1989,0
11,test,na,na,Intent,.png,target2,1,na,500,1500,1,1,0,1,2,3,4,5,6,7,8,9,10,na,na,white,black,68,11,324357,9,1420,0
19,test,na,na,Intent,.png,target56,1,na,500,1500,1,1,0,1,2,3,4,5,6,7,8,9,10,na,na,white,black,69,19,326205,3,1344,0
12,test,na,na,Intent,.png,target4,1,na,500,1500,1,1,0,1,2,3,4,5,6,7,8,9,10,na,na,white,black,70,12,328049,6,1340,0
6,test,na,na,Intent,.png,target29-target14,1,na,500,1500,1,1,0,1,2,3,4,5,6,7,8,9,10,na,na,white,black,71,6,329896,3,1343,0
8,test,na,na,Intent,.png,target41-target54,1,na,500,1500,1,1,0,1,2,3,4,5,6,7,8,9,10,na,na,white,black,72,8,331441,2,1042,0
13,test,na,na,Intent,.png,target8,1,na,500,1500,1,1,0,1,2,3,4,5,6,7,8,9,10,na,na,white,black,73,13,333039,3,1093,0
14,test,na,na,Intent,.png,target11,1,na,500,1500,1,1,0,1,2,3,4,5,6,7,8,9,10,na,na,white,black,74,14,334854,5,1311,0
18,test,na,na,Intent,.png,target49,1,na,500,1500,1,1,0,1,2,3,4,5,6,7,8,9,10,na,na,white,black,75,18,336949,8,1591,0
4,test,na,na,Intent,.png,target42-target12,1,na,500,1500,1,1,0,1,2,3,4,5,6,7,8,9,10,na,na,white,black,76,4,338756,5,1303,0
9,test,na,na,Intent,.png,target47-target58,1,na,500,1500,1,1,0,1,2,3,4,5,6,7,8,9,10,na,na,white,black,77,9,340366,3,1106,0
16,test,na,na,Intent,.png,target28,1,na,500,1500,1,1,0,1,2,3,4,5,6,7,8,9,10,na,na,white,black,78,16,342150,7,1280,0
1,test,na,na,Intent,.png,target6-target3,1,na,500,1500,1,1,0,1,2,3,4,5,6,7,8,9,10,na,na,white,black,79,1,343988,9,1334,0
2,test,na,na,Intent,.png,target10-target1,1,na,500,1500,1,1,0,1,2,3,4,5,6,7,8,9,10,na,na,white,black,80,2,345840,11,1348,0
