calibration,id,age,sex,handedness,nationality,Native language,completionCode
1,A2AVEDMU2IZ47L,25,female,right-handed,Indian,Tamil,V2bybt53LiR5LHby

trialNo,type,title,content,trialText,stimFormat,stim1,fixation,key,ITI,presTime,randomBlock,random,button1,button2,button3,button4,button5,button6,button7,button8,button9,button10,button11,responseType,responseOptions,bgColor,textColor,orderPres,orderFile,timestamp,response,RT,correct
26,test,na,na,Emotion,.png,target29-target14,1,na,500,1500,2,1,0,1,2,3,4,5,6,7,8,9,10,na,na,white,black,1,26,225758,7,2631,0
36,test,na,na,Emotion,.png,target28,1,na,500,1500,2,1,0,1,2,3,4,5,6,7,8,9,10,na,na,white,black,2,36,228388,8,2124,0
40,test,na,na,Emotion,.png,target57,1,na,500,1500,2,1,0,1,2,3,4,5,6,7,8,9,10,na,na,white,black,3,40,230934,5,2041,0
25,test,na,na,Emotion,.png,target46-target15,1,na,500,1500,2,1,0,1,2,3,4,5,6,7,8,9,10,na,na,white,black,4,25,233144,6,1704,0
22,test,na,na,Emotion,.png,target10-target1,1,na,500,1500,2,1,0,1,2,3,4,5,6,7,8,9,10,na,na,white,black,5,22,236102,9,2454,0
39,test,na,na,Emotion,.png,target56,1,na,500,1500,2,1,0,1,2,3,4,5,6,7,8,9,10,na,na,white,black,6,39,240223,10,3614,0
30,test,na,na,Emotion,.png,target55-target16,1,na,500,1500,2,1,0,1,2,3,4,5,6,7,8,9,10,na,na,white,black,7,30,242396,5,1668,0
32,test,na,na,Emotion,.png,target4,1,na,500,1500,2,1,0,1,2,3,4,5,6,7,8,9,10,na,na,white,black,8,32,244045,6,1145,0
38,test,na,na,Emotion,.png,target49,1,na,500,1500,2,1,0,1,2,3,4,5,6,7,8,9,10,na,na,white,black,9,38,247318,3,2767,0
33,test,na,na,Emotion,.png,target8,1,na,500,1500,2,1,0,1,2,3,4,5,6,7,8,9,10,na,na,white,black,10,33,249439,3,1616,0
35,test,na,na,Emotion,.png,target27,1,na,500,1500,2,1,0,1,2,3,4,5,6,7,8,9,10,na,na,white,black,11,35,250910,4,965,0
24,test,na,na,Emotion,.png,target42-target12,1,na,500,1500,2,1,0,1,2,3,4,5,6,7,8,9,10,na,na,white,black,12,24,252678,5,1262,0
37,test,na,na,Emotion,.png,target40,1,na,500,1500,2,1,0,1,2,3,4,5,6,7,8,9,10,na,na,white,black,13,37,254478,6,1294,0
29,test,na,na,Emotion,.png,target47-target58,1,na,500,1500,2,1,0,1,2,3,4,5,6,7,8,9,10,na,na,white,black,14,29,256206,5,1222,0
23,test,na,na,Emotion,.png,target13-target59,1,na,500,1500,2,1,0,1,2,3,4,5,6,7,8,9,10,na,na,white,black,15,23,257998,6,1286,0
28,test,na,na,Emotion,.png,target41-target54,1,na,500,1500,2,1,0,1,2,3,4,5,6,7,8,9,10,na,na,white,black,16,28,259870,6,1367,0
31,test,na,na,Emotion,.png,target2,1,na,500,1500,2,1,0,1,2,3,4,5,6,7,8,9,10,na,na,white,black,17,31,261133,7,758,0
21,test,na,na,Emotion,.png,target6-target3,1,na,500,1500,2,1,0,1,2,3,4,5,6,7,8,9,10,na,na,white,black,18,21,262733,8,1093,0
27,test,na,na,Emotion,.png,target35-target30,1,na,500,1500,2,1,0,1,2,3,4,5,6,7,8,9,10,na,na,white,black,19,27,264341,9,1101,0
34,test,na,na,Emotion,.png,target11,1,na,500,1500,2,1,0,1,2,3,4,5,6,7,8,9,10,na,na,white,black,20,34,266245,4,1398,0
18,test,na,na,Intent,.png,target49,1,na,500,1500,1,1,0,1,2,3,4,5,6,7,8,9,10,na,na,white,black,21,18,301926,5,1226,0
15,test,na,na,Intent,.png,target27,1,na,500,1500,1,1,0,1,2,3,4,5,6,7,8,9,10,na,na,white,black,22,15,302965,6,533,0
11,test,na,na,Intent,.png,target2,1,na,500,1500,1,1,0,1,2,3,4,5,6,7,8,9,10,na,na,white,black,23,11,304108,8,640,0
19,test,na,na,Intent,.png,target56,1,na,500,1500,1,1,0,1,2,3,4,5,6,7,8,9,10,na,na,white,black,24,19,305459,8,838,0
4,test,na,na,Intent,.png,target42-target12,1,na,500,1500,1,1,0,1,2,3,4,5,6,7,8,9,10,na,na,white,black,25,4,307815,6,1842,0
2,test,na,na,Intent,.png,target10-target1,1,na,500,1500,1,1,0,1,2,3,4,5,6,7,8,9,10,na,na,white,black,26,2,309158,9,840,0
13,test,na,na,Intent,.png,target8,1,na,500,1500,1,1,0,1,2,3,4,5,6,7,8,9,10,na,na,white,black,27,13,311798,10,2133,0
17,test,na,na,Intent,.png,target40,1,na,500,1500,1,1,0,1,2,3,4,5,6,7,8,9,10,na,na,white,black,28,17,313364,9,1060,0
14,test,na,na,Intent,.png,target11,1,na,500,1500,1,1,0,1,2,3,4,5,6,7,8,9,10,na,na,white,black,29,14,314596,7,726,0
7,test,na,na,Intent,.png,target35-target30,1,na,500,1500,1,1,0,1,2,3,4,5,6,7,8,9,10,na,na,white,black,30,7,323494,7,8392,0
3,test,na,na,Intent,.png,target13-target59,1,na,500,1500,1,1,0,1,2,3,4,5,6,7,8,9,10,na,na,white,black,31,3,324990,8,989,0
20,test,na,na,Intent,.png,target57,1,na,500,1500,1,1,0,1,2,3,4,5,6,7,8,9,10,na,na,white,black,32,20,326022,9,527,0
10,test,na,na,Intent,.png,target55-target16,1,na,500,1500,1,1,0,1,2,3,4,5,6,7,8,9,10,na,na,white,black,33,10,327206,7,678,0
6,test,na,na,Intent,.png,target29-target14,1,na,500,1500,1,1,0,1,2,3,4,5,6,7,8,9,10,na,na,white,black,34,6,328230,8,518,0
1,test,na,na,Intent,.png,target6-target3,1,na,500,1500,1,1,0,1,2,3,4,5,6,7,8,9,10,na,na,white,black,35,1,330134,10,1398,0
9,test,na,na,Intent,.png,target47-target58,1,na,500,1500,1,1,0,1,2,3,4,5,6,7,8,9,10,na,na,white,black,36,9,331237,10,598,0
5,test,na,na,Intent,.png,target46-target15,1,na,500,1500,1,1,0,1,2,3,4,5,6,7,8,9,10,na,na,white,black,37,5,332157,9,416,0
12,test,na,na,Intent,.png,target4,1,na,500,1500,1,1,0,1,2,3,4,5,6,7,8,9,10,na,na,white,black,38,12,333693,8,1030,0
16,test,na,na,Intent,.png,target28,1,na,500,1500,1,1,0,1,2,3,4,5,6,7,8,9,10,na,na,white,black,39,16,334733,9,534,0
8,test,na,na,Intent,.png,target41-target54,1,na,500,1500,1,1,0,1,2,3,4,5,6,7,8,9,10,na,na,white,black,40,8,335774,6,536,0
59,test,na,na,Motion,.png,target56,1,na,500,1500,3,1,0,1,2,3,4,5,6,7,8,9,10,na,na,white,black,41,59,343686,6,1038,0
53,test,na,na,Motion,.png,target8,1,na,500,1500,3,1,0,1,2,3,4,5,6,7,8,9,10,na,na,white,black,42,53,344822,8,631,0
54,test,na,na,Motion,.png,target11,1,na,500,1500,3,1,0,1,2,3,4,5,6,7,8,9,10,na,na,white,black,43,54,345990,10,661,0
56,test,na,na,Motion,.png,target28,1,na,500,1500,3,1,0,1,2,3,4,5,6,7,8,9,10,na,na,white,black,44,56,347014,9,518,0
55,test,na,na,Motion,.png,target27,1,na,500,1500,3,1,0,1,2,3,4,5,6,7,8,9,10,na,na,white,black,45,55,348122,9,602,0
47,test,na,na,Motion,.png,target35-target30,1,na,500,1500,3,1,0,1,2,3,4,5,6,7,8,9,10,na,na,white,black,46,47,349053,8,427,0
52,test,na,na,Motion,.png,target4,1,na,500,1500,3,1,0,1,2,3,4,5,6,7,8,9,10,na,na,white,black,47,52,350574,10,1014,0
45,test,na,na,Motion,.png,target46-target15,1,na,500,1500,3,1,0,1,2,3,4,5,6,7,8,9,10,na,na,white,black,48,45,351566,8,486,0
58,test,na,na,Motion,.png,target49,1,na,500,1500,3,1,0,1,2,3,4,5,6,7,8,9,10,na,na,white,black,49,58,352842,9,769,0
41,test,na,na,Motion,.png,target6-target3,1,na,500,1500,3,1,0,1,2,3,4,5,6,7,8,9,10,na,na,white,black,50,41,354085,8,735,0
46,test,na,na,Motion,.png,target29-target14,1,na,500,1500,3,1,0,1,2,3,4,5,6,7,8,9,10,na,na,white,black,51,46,355101,8,510,0
51,test,na,na,Motion,.png,target2,1,na,500,1500,3,1,0,1,2,3,4,5,6,7,8,9,10,na,na,white,black,52,51,356533,7,926,0
49,test,na,na,Motion,.png,target47-target58,1,na,500,1500,3,1,0,1,2,3,4,5,6,7,8,9,10,na,na,white,black,53,49,358326,9,1287,0
57,test,na,na,Motion,.png,target40,1,na,500,1500,3,1,0,1,2,3,4,5,6,7,8,9,10,na,na,white,black,54,57,359486,8,653,0
50,test,na,na,Motion,.png,target55-target16,1,na,500,1500,3,1,0,1,2,3,4,5,6,7,8,9,10,na,na,white,black,55,50,360630,8,637,0
42,test,na,na,Motion,.png,target10-target1,1,na,500,1500,3,1,0,1,2,3,4,5,6,7,8,9,10,na,na,white,black,56,42,362110,10,976,0
43,test,na,na,Motion,.png,target13-target59,1,na,500,1500,3,1,0,1,2,3,4,5,6,7,8,9,10,na,na,white,black,57,43,363414,8,799,0
44,test,na,na,Motion,.png,target42-target12,1,na,500,1500,3,1,0,1,2,3,4,5,6,7,8,9,10,na,na,white,black,58,44,364542,8,622,0
60,test,na,na,Motion,.png,target57,1,na,500,1500,3,1,0,1,2,3,4,5,6,7,8,9,10,na,na,white,black,59,60,365548,9,500,0
48,test,na,na,Motion,.png,target41-target54,1,na,500,1500,3,1,0,1,2,3,4,5,6,7,8,9,10,na,na,white,black,60,48,366798,10,744,0
74,test,na,na,Meaning,.png,target11,1,na,500,1500,4,1,0,1,2,3,4,5,6,7,8,9,10,na,na,white,black,61,74,403943,6,26432,0
70,test,na,na,Meaning,.png,target55-target16,1,na,500,1500,4,1,0,1,2,3,4,5,6,7,8,9,10,na,na,white,black,62,70,407142,5,2694,0
61,test,na,na,Meaning,.png,target6-target3,1,na,500,1500,4,1,0,1,2,3,4,5,6,7,8,9,10,na,na,white,black,63,61,408613,7,965,0
79,test,na,na,Meaning,.png,target56,1,na,500,1500,4,1,0,1,2,3,4,5,6,7,8,9,10,na,na,white,black,64,79,410249,8,1131,0
77,test,na,na,Meaning,.png,target40,1,na,500,1500,4,1,0,1,2,3,4,5,6,7,8,9,10,na,na,white,black,65,77,411318,9,564,0
65,test,na,na,Meaning,.png,target46-target15,1,na,500,1500,4,1,0,1,2,3,4,5,6,7,8,9,10,na,na,white,black,66,65,412280,7,457,0
80,test,na,na,Meaning,.png,target57,1,na,500,1500,4,1,0,1,2,3,4,5,6,7,8,9,10,na,na,white,black,67,80,413638,5,849,0
72,test,na,na,Meaning,.png,target4,1,na,500,1500,4,1,0,1,2,3,4,5,6,7,8,9,10,na,na,white,black,68,72,414806,6,662,0
71,test,na,na,Meaning,.png,target2,1,na,500,1500,4,1,0,1,2,3,4,5,6,7,8,9,10,na,na,white,black,69,71,416374,9,1064,0
76,test,na,na,Meaning,.png,target28,1,na,500,1500,4,1,0,1,2,3,4,5,6,7,8,9,10,na,na,white,black,70,76,417646,10,767,0
67,test,na,na,Meaning,.png,target35-target30,1,na,500,1500,4,1,0,1,2,3,4,5,6,7,8,9,10,na,na,white,black,71,67,418651,8,499,0
68,test,na,na,Meaning,.png,target41-target54,1,na,500,1500,4,1,0,1,2,3,4,5,6,7,8,9,10,na,na,white,black,72,68,419597,8,441,0
64,test,na,na,Meaning,.png,target42-target12,1,na,500,1500,4,1,0,1,2,3,4,5,6,7,8,9,10,na,na,white,black,73,64,420518,9,415,0
62,test,na,na,Meaning,.png,target10-target1,1,na,500,1500,4,1,0,1,2,3,4,5,6,7,8,9,10,na,na,white,black,74,62,421933,8,910,0
66,test,na,na,Meaning,.png,target29-target14,1,na,500,1500,4,1,0,1,2,3,4,5,6,7,8,9,10,na,na,white,black,75,66,422949,9,511,0
78,test,na,na,Meaning,.png,target49,1,na,500,1500,4,1,0,1,2,3,4,5,6,7,8,9,10,na,na,white,black,76,78,424303,7,849,0
75,test,na,na,Meaning,.png,target27,1,na,500,1500,4,1,0,1,2,3,4,5,6,7,8,9,10,na,na,white,black,77,75,425397,8,587,0
63,test,na,na,Meaning,.png,target13-target59,1,na,500,1500,4,1,0,1,2,3,4,5,6,7,8,9,10,na,na,white,black,78,63,426445,9,542,0
69,test,na,na,Meaning,.png,target47-target58,1,na,500,1500,4,1,0,1,2,3,4,5,6,7,8,9,10,na,na,white,black,79,69,428127,10,1175,0
73,test,na,na,Meaning,.png,target8,1,na,500,1500,4,1,0,1,2,3,4,5,6,7,8,9,10,na,na,white,black,80,73,429750,9,1117,0
