calibration,id,age,sex,handedness,nationality,Native language,completionCode
0.75,A2GAQZAZWV01PU,21,male,right-handed,United States of America,English,bhVsQw5ooeFYgUtm

trialNo,type,title,content,trialText,stimFormat,stim1,fixation,key,ITI,presTime,randomBlock,random,button1,button2,button3,button4,button5,button6,button7,button8,button9,button10,button11,responseType,responseOptions,bgColor,textColor,orderPres,orderFile,timestamp,response,RT,correct
56,test,na,na,Motion,.png,target28,1,na,500,1500,3,1,0,1,2,3,4,5,6,7,8,9,10,na,na,white,black,1,56,85877,6,981,0
43,test,na,na,Motion,.png,target13-target59,1,na,500,1500,3,1,0,1,2,3,4,5,6,7,8,9,10,na,na,white,black,2,43,87433,7,1054,0
46,test,na,na,Motion,.png,target29-target14,1,na,500,1500,3,1,0,1,2,3,4,5,6,7,8,9,10,na,na,white,black,3,46,88796,4,861,0
54,test,na,na,Motion,.png,target11,1,na,500,1500,3,1,0,1,2,3,4,5,6,7,8,9,10,na,na,white,black,4,54,90194,6,898,0
41,test,na,na,Motion,.png,target6-target3,1,na,500,1500,3,1,0,1,2,3,4,5,6,7,8,9,10,na,na,white,black,5,41,93075,8,2379,0
52,test,na,na,Motion,.png,target4,1,na,500,1500,3,1,0,1,2,3,4,5,6,7,8,9,10,na,na,white,black,6,52,95103,6,1525,0
45,test,na,na,Motion,.png,target46-target15,1,na,500,1500,3,1,0,1,2,3,4,5,6,7,8,9,10,na,na,white,black,7,45,96791,5,1186,0
57,test,na,na,Motion,.png,target40,1,na,500,1500,3,1,0,1,2,3,4,5,6,7,8,9,10,na,na,white,black,8,57,98377,7,1084,0
58,test,na,na,Motion,.png,target49,1,na,500,1500,3,1,0,1,2,3,4,5,6,7,8,9,10,na,na,white,black,9,58,100055,5,1176,0
55,test,na,na,Motion,.png,target27,1,na,500,1500,3,1,0,1,2,3,4,5,6,7,8,9,10,na,na,white,black,10,55,102176,3,1620,0
60,test,na,na,Motion,.png,target57,1,na,500,1500,3,1,0,1,2,3,4,5,6,7,8,9,10,na,na,white,black,11,60,103784,4,1106,0
59,test,na,na,Motion,.png,target56,1,na,500,1500,3,1,0,1,2,3,4,5,6,7,8,9,10,na,na,white,black,12,59,105389,5,1102,0
44,test,na,na,Motion,.png,target42-target12,1,na,500,1500,3,1,0,1,2,3,4,5,6,7,8,9,10,na,na,white,black,13,44,107113,9,1222,0
53,test,na,na,Motion,.png,target8,1,na,500,1500,3,1,0,1,2,3,4,5,6,7,8,9,10,na,na,white,black,14,53,108662,4,1047,0
47,test,na,na,Motion,.png,target35-target30,1,na,500,1500,3,1,0,1,2,3,4,5,6,7,8,9,10,na,na,white,black,15,47,110299,8,1136,0
42,test,na,na,Motion,.png,target10-target1,1,na,500,1500,3,1,0,1,2,3,4,5,6,7,8,9,10,na,na,white,black,16,42,111855,6,1054,0
50,test,na,na,Motion,.png,target55-target16,1,na,500,1500,3,1,0,1,2,3,4,5,6,7,8,9,10,na,na,white,black,17,50,113325,7,969,0
49,test,na,na,Motion,.png,target47-target58,1,na,500,1500,3,1,0,1,2,3,4,5,6,7,8,9,10,na,na,white,black,18,49,114507,5,681,0
48,test,na,na,Motion,.png,target41-target54,1,na,500,1500,3,1,0,1,2,3,4,5,6,7,8,9,10,na,na,white,black,19,48,115970,7,961,0
51,test,na,na,Motion,.png,target2,1,na,500,1500,3,1,0,1,2,3,4,5,6,7,8,9,10,na,na,white,black,20,51,117162,6,690,0
78,test,na,na,Meaning,.png,target49,1,na,500,1500,4,1,0,1,2,3,4,5,6,7,8,9,10,na,na,white,black,21,78,135225,7,500,0
70,test,na,na,Meaning,.png,target55-target16,1,na,500,1500,4,1,0,1,2,3,4,5,6,7,8,9,10,na,na,white,black,22,70,136634,5,907,0
74,test,na,na,Meaning,.png,target11,1,na,500,1500,4,1,0,1,2,3,4,5,6,7,8,9,10,na,na,white,black,23,74,137756,4,620,0
63,test,na,na,Meaning,.png,target13-target59,1,na,500,1500,4,1,0,1,2,3,4,5,6,7,8,9,10,na,na,white,black,24,63,139025,4,767,0
76,test,na,na,Meaning,.png,target28,1,na,500,1500,4,1,0,1,2,3,4,5,6,7,8,9,10,na,na,white,black,25,76,140614,5,1087,0
71,test,na,na,Meaning,.png,target2,1,na,500,1500,4,1,0,1,2,3,4,5,6,7,8,9,10,na,na,white,black,26,71,141570,6,453,0
67,test,na,na,Meaning,.png,target35-target30,1,na,500,1500,4,1,0,1,2,3,4,5,6,7,8,9,10,na,na,white,black,27,67,142833,7,761,0
79,test,na,na,Meaning,.png,target56,1,na,500,1500,4,1,0,1,2,3,4,5,6,7,8,9,10,na,na,white,black,28,79,143832,4,497,0
61,test,na,na,Meaning,.png,target6-target3,1,na,500,1500,4,1,0,1,2,3,4,5,6,7,8,9,10,na,na,white,black,29,61,145153,6,819,0
68,test,na,na,Meaning,.png,target41-target54,1,na,500,1500,4,1,0,1,2,3,4,5,6,7,8,9,10,na,na,white,black,30,68,146005,7,350,0
77,test,na,na,Meaning,.png,target40,1,na,500,1500,4,1,0,1,2,3,4,5,6,7,8,9,10,na,na,white,black,31,77,147329,4,822,0
62,test,na,na,Meaning,.png,target10-target1,1,na,500,1500,4,1,0,1,2,3,4,5,6,7,8,9,10,na,na,white,black,32,62,148124,5,294,0
69,test,na,na,Meaning,.png,target47-target58,1,na,500,1500,4,1,0,1,2,3,4,5,6,7,8,9,10,na,na,white,black,33,69,149304,4,679,0
66,test,na,na,Meaning,.png,target29-target14,1,na,500,1500,4,1,0,1,2,3,4,5,6,7,8,9,10,na,na,white,black,34,66,150140,5,333,0
73,test,na,na,Meaning,.png,target8,1,na,500,1500,4,1,0,1,2,3,4,5,6,7,8,9,10,na,na,white,black,35,73,150944,6,302,0
64,test,na,na,Meaning,.png,target42-target12,1,na,500,1500,4,1,0,1,2,3,4,5,6,7,8,9,10,na,na,white,black,36,64,151748,4,302,0
65,test,na,na,Meaning,.png,target46-target15,1,na,500,1500,4,1,0,1,2,3,4,5,6,7,8,9,10,na,na,white,black,37,65,152504,6,254,0
80,test,na,na,Meaning,.png,target57,1,na,500,1500,4,1,0,1,2,3,4,5,6,7,8,9,10,na,na,white,black,38,80,153311,4,305,0
75,test,na,na,Meaning,.png,target27,1,na,500,1500,4,1,0,1,2,3,4,5,6,7,8,9,10,na,na,white,black,39,75,154047,7,234,0
72,test,na,na,Meaning,.png,target4,1,na,500,1500,4,1,0,1,2,3,4,5,6,7,8,9,10,na,na,white,black,40,72,154857,6,308,0
29,test,na,na,Emotion,.png,target47-target58,1,na,500,1500,2,1,0,1,2,3,4,5,6,7,8,9,10,na,na,white,black,41,29,160725,7,795,0
28,test,na,na,Emotion,.png,target41-target54,1,na,500,1500,2,1,0,1,2,3,4,5,6,7,8,9,10,na,na,white,black,42,28,161606,6,377,0
23,test,na,na,Emotion,.png,target13-target59,1,na,500,1500,2,1,0,1,2,3,4,5,6,7,8,9,10,na,na,white,black,43,23,162606,5,499,0
38,test,na,na,Emotion,.png,target49,1,na,500,1500,2,1,0,1,2,3,4,5,6,7,8,9,10,na,na,white,black,44,38,163395,7,287,0
32,test,na,na,Emotion,.png,target4,1,na,500,1500,2,1,0,1,2,3,4,5,6,7,8,9,10,na,na,white,black,45,32,164125,5,228,0
31,test,na,na,Emotion,.png,target2,1,na,500,1500,2,1,0,1,2,3,4,5,6,7,8,9,10,na,na,white,black,46,31,164810,7,183,0
27,test,na,na,Emotion,.png,target35-target30,1,na,500,1500,2,1,0,1,2,3,4,5,6,7,8,9,10,na,na,white,black,47,27,165795,6,484,0
35,test,na,na,Emotion,.png,target27,1,na,500,1500,2,1,0,1,2,3,4,5,6,7,8,9,10,na,na,white,black,48,35,166595,8,299,0
34,test,na,na,Emotion,.png,target11,1,na,500,1500,2,1,0,1,2,3,4,5,6,7,8,9,10,na,na,white,black,49,34,167425,7,329,0
40,test,na,na,Emotion,.png,target57,1,na,500,1500,2,1,0,1,2,3,4,5,6,7,8,9,10,na,na,white,black,50,40,168646,8,719,0
21,test,na,na,Emotion,.png,target6-target3,1,na,500,1500,2,1,0,1,2,3,4,5,6,7,8,9,10,na,na,white,black,51,21,169609,7,461,0
33,test,na,na,Emotion,.png,target8,1,na,500,1500,2,1,0,1,2,3,4,5,6,7,8,9,10,na,na,white,black,52,33,170423,6,313,0
36,test,na,na,Emotion,.png,target28,1,na,500,1500,2,1,0,1,2,3,4,5,6,7,8,9,10,na,na,white,black,53,36,171352,8,427,0
26,test,na,na,Emotion,.png,target29-target14,1,na,500,1500,2,1,0,1,2,3,4,5,6,7,8,9,10,na,na,white,black,54,26,172442,7,588,0
39,test,na,na,Emotion,.png,target56,1,na,500,1500,2,1,0,1,2,3,4,5,6,7,8,9,10,na,na,white,black,55,39,173269,8,326,0
24,test,na,na,Emotion,.png,target42-target12,1,na,500,1500,2,1,0,1,2,3,4,5,6,7,8,9,10,na,na,white,black,56,24,173968,6,197,0
30,test,na,na,Emotion,.png,target55-target16,1,na,500,1500,2,1,0,1,2,3,4,5,6,7,8,9,10,na,na,white,black,57,30,174756,8,286,0
37,test,na,na,Emotion,.png,target40,1,na,500,1500,2,1,0,1,2,3,4,5,6,7,8,9,10,na,na,white,black,58,37,175463,7,205,0
25,test,na,na,Emotion,.png,target46-target15,1,na,500,1500,2,1,0,1,2,3,4,5,6,7,8,9,10,na,na,white,black,59,25,176326,6,361,0
22,test,na,na,Emotion,.png,target10-target1,1,na,500,1500,2,1,0,1,2,3,4,5,6,7,8,9,10,na,na,white,black,60,22,177205,8,377,0
19,test,na,na,Intent,.png,target56,1,na,500,1500,1,1,0,1,2,3,4,5,6,7,8,9,10,na,na,white,black,61,19,182293,6,230,0
3,test,na,na,Intent,.png,target13-target59,1,na,500,1500,1,1,0,1,2,3,4,5,6,7,8,9,10,na,na,white,black,62,3,183330,5,535,0
13,test,na,na,Intent,.png,target8,1,na,500,1500,1,1,0,1,2,3,4,5,6,7,8,9,10,na,na,white,black,63,13,184536,7,704,0
2,test,na,na,Intent,.png,target10-target1,1,na,500,1500,1,1,0,1,2,3,4,5,6,7,8,9,10,na,na,white,black,64,2,185407,6,370,0
1,test,na,na,Intent,.png,target6-target3,1,na,500,1500,1,1,0,1,2,3,4,5,6,7,8,9,10,na,na,white,black,65,1,186178,8,270,0
10,test,na,na,Intent,.png,target55-target16,1,na,500,1500,1,1,0,1,2,3,4,5,6,7,8,9,10,na,na,white,black,66,10,187007,7,327,0
11,test,na,na,Intent,.png,target2,1,na,500,1500,1,1,0,1,2,3,4,5,6,7,8,9,10,na,na,white,black,67,11,187754,5,246,0
7,test,na,na,Intent,.png,target35-target30,1,na,500,1500,1,1,0,1,2,3,4,5,6,7,8,9,10,na,na,white,black,68,7,188629,7,374,0
12,test,na,na,Intent,.png,target4,1,na,500,1500,1,1,0,1,2,3,4,5,6,7,8,9,10,na,na,white,black,69,12,189392,6,261,0
9,test,na,na,Intent,.png,target47-target58,1,na,500,1500,1,1,0,1,2,3,4,5,6,7,8,9,10,na,na,white,black,70,9,190186,4,293,0
20,test,na,na,Intent,.png,target57,1,na,500,1500,1,1,0,1,2,3,4,5,6,7,8,9,10,na,na,white,black,71,20,190912,7,224,0
14,test,na,na,Intent,.png,target11,1,na,500,1500,1,1,0,1,2,3,4,5,6,7,8,9,10,na,na,white,black,72,14,191644,6,230,0
8,test,na,na,Intent,.png,target41-target54,1,na,500,1500,1,1,0,1,2,3,4,5,6,7,8,9,10,na,na,white,black,73,8,192365,7,220,0
17,test,na,na,Intent,.png,target40,1,na,500,1500,1,1,0,1,2,3,4,5,6,7,8,9,10,na,na,white,black,74,17,193051,5,185,0
15,test,na,na,Intent,.png,target27,1,na,500,1500,1,1,0,1,2,3,4,5,6,7,8,9,10,na,na,white,black,75,15,193854,7,302,0
6,test,na,na,Intent,.png,target29-target14,1,na,500,1500,1,1,0,1,2,3,4,5,6,7,8,9,10,na,na,white,black,76,6,194517,6,160,0
4,test,na,na,Intent,.png,target42-target12,1,na,500,1500,1,1,0,1,2,3,4,5,6,7,8,9,10,na,na,white,black,77,4,195804,7,785,0
16,test,na,na,Intent,.png,target28,1,na,500,1500,1,1,0,1,2,3,4,5,6,7,8,9,10,na,na,white,black,78,16,196809,7,503,0
18,test,na,na,Intent,.png,target49,1,na,500,1500,1,1,0,1,2,3,4,5,6,7,8,9,10,na,na,white,black,79,18,197762,6,452,0
5,test,na,na,Intent,.png,target46-target15,1,na,500,1500,1,1,0,1,2,3,4,5,6,7,8,9,10,na,na,white,black,80,5,198403,7,139,0
