calibration,id,age,sex,handedness,nationality,Native language,completionCode
1,A7JIY8AH7GTEF,28,male,right-handed,INDIAN,ENGLISH,hvLY6rSsTf9DrVu0

trialNo,type,title,content,trialText,stimFormat,stim1,fixation,key,ITI,presTime,randomBlock,random,button1,button2,button3,button4,button5,button6,button7,button8,button9,button10,button11,responseType,responseOptions,bgColor,textColor,orderPres,orderFile,timestamp,response,RT,correct
36,test,na,na,Emotion,.png,target41,1,na,500,1500,2,1,0,1,2,3,4,5,6,7,8,9,10,na,na,white,black,1,36,65952,2,1769,0
38,test,na,na,Emotion,.png,target54,1,na,500,1500,2,1,0,1,2,3,4,5,6,7,8,9,10,na,na,white,black,2,38,67321,3,857,0
37,test,na,na,Emotion,.png,target47,1,na,500,1500,2,1,0,1,2,3,4,5,6,7,8,9,10,na,na,white,black,3,37,68640,4,817,0
29,test,na,na,Emotion,.png,target15-target46,1,na,500,1500,2,1,0,1,2,3,4,5,6,7,8,9,10,na,na,white,black,4,29,70218,5,1067,0
34,test,na,na,Emotion,.png,target30,1,na,500,1500,2,1,0,1,2,3,4,5,6,7,8,9,10,na,na,white,black,5,34,72202,6,1454,0
31,test,na,na,Emotion,.png,target14,1,na,500,1500,2,1,0,1,2,3,4,5,6,7,8,9,10,na,na,white,black,6,31,73634,7,902,0
26,test,na,na,Emotion,.png,target1-target10,1,na,500,1500,2,1,0,1,2,3,4,5,6,7,8,9,10,na,na,white,black,7,26,75282,8,1135,0
30,test,na,na,Emotion,.png,target59-target13,1,na,500,1500,2,1,0,1,2,3,4,5,6,7,8,9,10,na,na,white,black,8,30,76982,9,1185,0
23,test,na,na,Emotion,.png,target27-target57,1,na,500,1500,2,1,0,1,2,3,4,5,6,7,8,9,10,na,na,white,black,9,23,78598,10,1101,0
21,test,na,na,Emotion,.png,target2-target49,1,na,500,1500,2,1,0,1,2,3,4,5,6,7,8,9,10,na,na,white,black,10,21,80050,11,951,0
33,test,na,na,Emotion,.png,target29,1,na,500,1500,2,1,0,1,2,3,4,5,6,7,8,9,10,na,na,white,black,11,33,81885,1,1321,0
27,test,na,na,Emotion,.png,target3-target6,1,na,500,1500,2,1,0,1,2,3,4,5,6,7,8,9,10,na,na,white,black,12,27,83396,2,999,0
25,test,na,na,Emotion,.png,target56-target28,1,na,500,1500,2,1,0,1,2,3,4,5,6,7,8,9,10,na,na,white,black,13,25,84867,3,967,0
40,test,na,na,Emotion,.png,target58,1,na,500,1500,2,1,0,1,2,3,4,5,6,7,8,9,10,na,na,white,black,14,40,86299,4,929,0
32,test,na,na,Emotion,.png,target16,1,na,500,1500,2,1,0,1,2,3,4,5,6,7,8,9,10,na,na,white,black,15,32,87700,5,854,0
24,test,na,na,Emotion,.png,target40-target8,1,na,500,1500,2,1,0,1,2,3,4,5,6,7,8,9,10,na,na,white,black,16,24,89082,6,882,0
39,test,na,na,Emotion,.png,target55,1,na,500,1500,2,1,0,1,2,3,4,5,6,7,8,9,10,na,na,white,black,17,39,90565,7,966,0
28,test,na,na,Emotion,.png,target12-target42,1,na,500,1500,2,1,0,1,2,3,4,5,6,7,8,9,10,na,na,white,black,18,28,91883,8,803,0
35,test,na,na,Emotion,.png,target35,1,na,500,1500,2,1,0,1,2,3,4,5,6,7,8,9,10,na,na,white,black,19,35,93648,9,1249,0
22,test,na,na,Emotion,.png,target4-target11,1,na,500,1500,2,1,0,1,2,3,4,5,6,7,8,9,10,na,na,white,black,20,22,95737,10,1587,0
42,test,na,na,Motion,.png,target4-target11,1,na,500,1500,3,1,0,1,2,3,4,5,6,7,8,9,10,na,na,white,black,21,42,104785,1,1288,0
57,test,na,na,Motion,.png,target47,1,na,500,1500,3,1,0,1,2,3,4,5,6,7,8,9,10,na,na,white,black,22,57,106332,2,1034,0
45,test,na,na,Motion,.png,target56-target28,1,na,500,1500,3,1,0,1,2,3,4,5,6,7,8,9,10,na,na,white,black,23,45,107898,3,1065,0
50,test,na,na,Motion,.png,target59-target13,1,na,500,1500,3,1,0,1,2,3,4,5,6,7,8,9,10,na,na,white,black,24,50,109464,4,1019,0
52,test,na,na,Motion,.png,target16,1,na,500,1500,3,1,0,1,2,3,4,5,6,7,8,9,10,na,na,white,black,25,52,111064,5,1062,0
54,test,na,na,Motion,.png,target30,1,na,500,1500,3,1,0,1,2,3,4,5,6,7,8,9,10,na,na,white,black,26,54,112664,6,1083,0
56,test,na,na,Motion,.png,target41,1,na,500,1500,3,1,0,1,2,3,4,5,6,7,8,9,10,na,na,white,black,27,56,114227,7,1061,0
47,test,na,na,Motion,.png,target3-target6,1,na,500,1500,3,1,0,1,2,3,4,5,6,7,8,9,10,na,na,white,black,28,47,115829,8,1100,0
55,test,na,na,Motion,.png,target35,1,na,500,1500,3,1,0,1,2,3,4,5,6,7,8,9,10,na,na,white,black,29,55,117595,9,1217,0
49,test,na,na,Motion,.png,target15-target46,1,na,500,1500,3,1,0,1,2,3,4,5,6,7,8,9,10,na,na,white,black,30,49,119578,10,1476,0
43,test,na,na,Motion,.png,target27-target57,1,na,500,1500,3,1,0,1,2,3,4,5,6,7,8,9,10,na,na,white,black,31,43,121195,11,1098,0
48,test,na,na,Motion,.png,target12-target42,1,na,500,1500,3,1,0,1,2,3,4,5,6,7,8,9,10,na,na,white,black,32,48,122947,1,1249,0
53,test,na,na,Motion,.png,target29,1,na,500,1500,3,1,0,1,2,3,4,5,6,7,8,9,10,na,na,white,black,33,53,124197,2,747,0
59,test,na,na,Motion,.png,target55,1,na,500,1500,3,1,0,1,2,3,4,5,6,7,8,9,10,na,na,white,black,34,59,125581,3,883,0
41,test,na,na,Motion,.png,target2-target49,1,na,500,1500,3,1,0,1,2,3,4,5,6,7,8,9,10,na,na,white,black,35,41,126964,4,874,0
60,test,na,na,Motion,.png,target58,1,na,500,1500,3,1,0,1,2,3,4,5,6,7,8,9,10,na,na,white,black,36,60,128382,5,902,0
51,test,na,na,Motion,.png,target14,1,na,500,1500,3,1,0,1,2,3,4,5,6,7,8,9,10,na,na,white,black,37,51,129801,6,902,0
46,test,na,na,Motion,.png,target1-target10,1,na,500,1500,3,1,0,1,2,3,4,5,6,7,8,9,10,na,na,white,black,38,46,131064,7,750,0
58,test,na,na,Motion,.png,target54,1,na,500,1500,3,1,0,1,2,3,4,5,6,7,8,9,10,na,na,white,black,39,58,132464,8,900,0
44,test,na,na,Motion,.png,target40-target8,1,na,500,1500,3,1,0,1,2,3,4,5,6,7,8,9,10,na,na,white,black,40,44,134181,9,1215,0
76,test,na,na,Meaning,.png,target41,1,na,500,1500,4,1,0,1,2,3,4,5,6,7,8,9,10,na,na,white,black,41,76,142615,2,1408,0
66,test,na,na,Meaning,.png,target1-target10,1,na,500,1500,4,1,0,1,2,3,4,5,6,7,8,9,10,na,na,white,black,42,66,143566,2,439,0
78,test,na,na,Meaning,.png,target54,1,na,500,1500,4,1,0,1,2,3,4,5,6,7,8,9,10,na,na,white,black,43,78,144547,2,468,0
75,test,na,na,Meaning,.png,target35,1,na,500,1500,4,1,0,1,2,3,4,5,6,7,8,9,10,na,na,white,black,44,75,145499,2,447,0
79,test,na,na,Meaning,.png,target55,1,na,500,1500,4,1,0,1,2,3,4,5,6,7,8,9,10,na,na,white,black,45,79,146467,2,454,0
65,test,na,na,Meaning,.png,target56-target28,1,na,500,1500,4,1,0,1,2,3,4,5,6,7,8,9,10,na,na,white,black,46,65,147432,2,454,0
61,test,na,na,Meaning,.png,target2-target49,1,na,500,1500,4,1,0,1,2,3,4,5,6,7,8,9,10,na,na,white,black,47,61,148397,2,452,0
77,test,na,na,Meaning,.png,target47,1,na,500,1500,4,1,0,1,2,3,4,5,6,7,8,9,10,na,na,white,black,48,77,149447,2,536,0
73,test,na,na,Meaning,.png,target29,1,na,500,1500,4,1,0,1,2,3,4,5,6,7,8,9,10,na,na,white,black,49,73,150431,2,483,0
70,test,na,na,Meaning,.png,target59-target13,1,na,500,1500,4,1,0,1,2,3,4,5,6,7,8,9,10,na,na,white,black,50,70,151463,2,532,0
68,test,na,na,Meaning,.png,target12-target42,1,na,500,1500,4,1,0,1,2,3,4,5,6,7,8,9,10,na,na,white,black,51,68,152528,2,558,0
63,test,na,na,Meaning,.png,target27-target57,1,na,500,1500,4,1,0,1,2,3,4,5,6,7,8,9,10,na,na,white,black,52,63,153596,2,566,0
64,test,na,na,Meaning,.png,target40-target8,1,na,500,1500,4,1,0,1,2,3,4,5,6,7,8,9,10,na,na,white,black,53,64,154598,2,487,0
67,test,na,na,Meaning,.png,target3-target6,1,na,500,1500,4,1,0,1,2,3,4,5,6,7,8,9,10,na,na,white,black,54,67,156298,3,1185,0
71,test,na,na,Meaning,.png,target14,1,na,500,1500,4,1,0,1,2,3,4,5,6,7,8,9,10,na,na,white,black,55,71,157382,4,584,0
80,test,na,na,Meaning,.png,target58,1,na,500,1500,4,1,0,1,2,3,4,5,6,7,8,9,10,na,na,white,black,56,80,158485,5,588,0
72,test,na,na,Meaning,.png,target16,1,na,500,1500,4,1,0,1,2,3,4,5,6,7,8,9,10,na,na,white,black,57,72,159531,6,543,0
69,test,na,na,Meaning,.png,target15-target46,1,na,500,1500,4,1,0,1,2,3,4,5,6,7,8,9,10,na,na,white,black,58,69,160678,7,632,0
74,test,na,na,Meaning,.png,target30,1,na,500,1500,4,1,0,1,2,3,4,5,6,7,8,9,10,na,na,white,black,59,74,161812,8,631,0
62,test,na,na,Meaning,.png,target4-target11,1,na,500,1500,4,1,0,1,2,3,4,5,6,7,8,9,10,na,na,white,black,60,62,162943,9,631,0
9,test,na,na,Intent,.png,target15-target46,1,na,500,1500,1,1,0,1,2,3,4,5,6,7,8,9,10,na,na,white,black,61,9,170514,1,1058,0
11,test,na,na,Intent,.png,target14,1,na,500,1500,1,1,0,1,2,3,4,5,6,7,8,9,10,na,na,white,black,62,11,171548,2,520,0
1,test,na,na,Intent,.png,target2-target49,1,na,500,1500,1,1,0,1,2,3,4,5,6,7,8,9,10,na,na,white,black,63,1,172744,3,665,0
14,test,na,na,Intent,.png,target30,1,na,500,1500,1,1,0,1,2,3,4,5,6,7,8,9,10,na,na,white,black,64,14,174396,4,1151,0
18,test,na,na,Intent,.png,target54,1,na,500,1500,1,1,0,1,2,3,4,5,6,7,8,9,10,na,na,white,black,65,18,175430,5,532,0
13,test,na,na,Intent,.png,target29,1,na,500,1500,1,1,0,1,2,3,4,5,6,7,8,9,10,na,na,white,black,66,13,176729,6,799,0
5,test,na,na,Intent,.png,target56-target28,1,na,500,1500,1,1,0,1,2,3,4,5,6,7,8,9,10,na,na,white,black,67,5,178228,7,985,0
10,test,na,na,Intent,.png,target59-target13,1,na,500,1500,1,1,0,1,2,3,4,5,6,7,8,9,10,na,na,white,black,68,10,179578,8,849,0
8,test,na,na,Intent,.png,target12-target42,1,na,500,1500,1,1,0,1,2,3,4,5,6,7,8,9,10,na,na,white,black,69,8,180978,9,880,0
17,test,na,na,Intent,.png,target47,1,na,500,1500,1,1,0,1,2,3,4,5,6,7,8,9,10,na,na,white,black,70,17,182124,10,635,0
2,test,na,na,Intent,.png,target4-target11,1,na,500,1500,1,1,0,1,2,3,4,5,6,7,8,9,10,na,na,white,black,71,2,183363,11,734,0
16,test,na,na,Intent,.png,target41,1,na,500,1500,1,1,0,1,2,3,4,5,6,7,8,9,10,na,na,white,black,72,16,184363,11,487,0
12,test,na,na,Intent,.png,target16,1,na,500,1500,1,1,0,1,2,3,4,5,6,7,8,9,10,na,na,white,black,73,12,185727,10,849,0
4,test,na,na,Intent,.png,target40-target8,1,na,500,1500,1,1,0,1,2,3,4,5,6,7,8,9,10,na,na,white,black,74,4,186730,9,493,0
7,test,na,na,Intent,.png,target3-target6,1,na,500,1500,1,1,0,1,2,3,4,5,6,7,8,9,10,na,na,white,black,75,7,187813,8,568,0
20,test,na,na,Intent,.png,target58,1,na,500,1500,1,1,0,1,2,3,4,5,6,7,8,9,10,na,na,white,black,76,20,188832,7,504,0
3,test,na,na,Intent,.png,target27-target57,1,na,500,1500,1,1,0,1,2,3,4,5,6,7,8,9,10,na,na,white,black,77,3,189830,6,486,0
19,test,na,na,Intent,.png,target55,1,na,500,1500,1,1,0,1,2,3,4,5,6,7,8,9,10,na,na,white,black,78,19,190882,5,539,0
6,test,na,na,Intent,.png,target1-target10,1,na,500,1500,1,1,0,1,2,3,4,5,6,7,8,9,10,na,na,white,black,79,6,191916,4,522,0
15,test,na,na,Intent,.png,target35,1,na,500,1500,1,1,0,1,2,3,4,5,6,7,8,9,10,na,na,white,black,80,15,192930,3,503,0
