calibration,id,age,sex,handedness,nationality,Native language,completionCode
1,A8WLCSZLNZ8BL,29,male,right-handed,Native American,English,bGtbNYPVbH4zN4UQ

trialNo,type,title,content,trialText,stimFormat,stim1,fixation,key,ITI,presTime,randomBlock,random,button1,button2,button3,button4,button5,button6,button7,button8,button9,button10,button11,responseType,responseOptions,bgColor,textColor,orderPres,orderFile,timestamp,response,RT,correct
39,test,na,na,Emotion,.png,target55,1,na,500,1500,2,1,0,1,2,3,4,5,6,7,8,9,10,na,na,white,black,1,39,82174,7,626,0
33,test,na,na,Emotion,.png,target29,1,na,500,1500,2,1,0,1,2,3,4,5,6,7,8,9,10,na,na,white,black,2,33,83125,7,447,0
34,test,na,na,Emotion,.png,target30,1,na,500,1500,2,1,0,1,2,3,4,5,6,7,8,9,10,na,na,white,black,3,34,84037,7,409,0
38,test,na,na,Emotion,.png,target54,1,na,500,1500,2,1,0,1,2,3,4,5,6,7,8,9,10,na,na,white,black,4,38,85173,7,632,0
22,test,na,na,Emotion,.png,target4-target11,1,na,500,1500,2,1,0,1,2,3,4,5,6,7,8,9,10,na,na,white,black,5,22,86126,7,439,0
37,test,na,na,Emotion,.png,target47,1,na,500,1500,2,1,0,1,2,3,4,5,6,7,8,9,10,na,na,white,black,6,37,87441,7,813,0
26,test,na,na,Emotion,.png,target1-target10,1,na,500,1500,2,1,0,1,2,3,4,5,6,7,8,9,10,na,na,white,black,7,26,89597,7,1652,0
25,test,na,na,Emotion,.png,target56-target28,1,na,500,1500,2,1,0,1,2,3,4,5,6,7,8,9,10,na,na,white,black,8,25,90501,6,401,0
36,test,na,na,Emotion,.png,target41,1,na,500,1500,2,1,0,1,2,3,4,5,6,7,8,9,10,na,na,white,black,9,36,91437,8,350,0
29,test,na,na,Emotion,.png,target15-target46,1,na,500,1500,2,1,0,1,2,3,4,5,6,7,8,9,10,na,na,white,black,10,29,92269,6,329,0
40,test,na,na,Emotion,.png,target58,1,na,500,1500,2,1,0,1,2,3,4,5,6,7,8,9,10,na,na,white,black,11,40,93117,8,344,0
32,test,na,na,Emotion,.png,target16,1,na,500,1500,2,1,0,1,2,3,4,5,6,7,8,9,10,na,na,white,black,12,32,98663,5,5042,0
35,test,na,na,Emotion,.png,target35,1,na,500,1500,2,1,0,1,2,3,4,5,6,7,8,9,10,na,na,white,black,13,35,100333,7,1167,0
21,test,na,na,Emotion,.png,target2-target49,1,na,500,1500,2,1,0,1,2,3,4,5,6,7,8,9,10,na,na,white,black,14,21,101237,7,399,0
31,test,na,na,Emotion,.png,target14,1,na,500,1500,2,1,0,1,2,3,4,5,6,7,8,9,10,na,na,white,black,15,31,102021,8,281,0
30,test,na,na,Emotion,.png,target59-target13,1,na,500,1500,2,1,0,1,2,3,4,5,6,7,8,9,10,na,na,white,black,16,30,102789,7,265,0
27,test,na,na,Emotion,.png,target3-target6,1,na,500,1500,2,1,0,1,2,3,4,5,6,7,8,9,10,na,na,white,black,17,27,106463,5,3170,0
23,test,na,na,Emotion,.png,target27-target57,1,na,500,1500,2,1,0,1,2,3,4,5,6,7,8,9,10,na,na,white,black,18,23,107373,6,407,0
28,test,na,na,Emotion,.png,target12-target42,1,na,500,1500,2,1,0,1,2,3,4,5,6,7,8,9,10,na,na,white,black,19,28,108310,6,222,0
24,test,na,na,Emotion,.png,target40-target8,1,na,500,1500,2,1,0,1,2,3,4,5,6,7,8,9,10,na,na,white,black,20,24,109693,5,880,0
76,test,na,na,Meaning,.png,target41,1,na,500,1500,4,1,0,1,2,3,4,5,6,7,8,9,10,na,na,white,black,21,76,115408,6,765,0
67,test,na,na,Meaning,.png,target3-target6,1,na,500,1500,4,1,0,1,2,3,4,5,6,7,8,9,10,na,na,white,black,22,67,116542,4,631,0
68,test,na,na,Meaning,.png,target12-target42,1,na,500,1500,4,1,0,1,2,3,4,5,6,7,8,9,10,na,na,white,black,23,68,117397,6,352,0
62,test,na,na,Meaning,.png,target4-target11,1,na,500,1500,4,1,0,1,2,3,4,5,6,7,8,9,10,na,na,white,black,24,62,118557,8,656,0
71,test,na,na,Meaning,.png,target14,1,na,500,1500,4,1,0,1,2,3,4,5,6,7,8,9,10,na,na,white,black,25,71,119453,9,392,0
80,test,na,na,Meaning,.png,target58,1,na,500,1500,4,1,0,1,2,3,4,5,6,7,8,9,10,na,na,white,black,26,80,120686,6,536,0
64,test,na,na,Meaning,.png,target40-target8,1,na,500,1500,4,1,0,1,2,3,4,5,6,7,8,9,10,na,na,white,black,27,64,125879,6,4689,0
75,test,na,na,Meaning,.png,target35,1,na,500,1500,4,1,0,1,2,3,4,5,6,7,8,9,10,na,na,white,black,28,75,127003,7,621,0
72,test,na,na,Meaning,.png,target16,1,na,500,1500,4,1,0,1,2,3,4,5,6,7,8,9,10,na,na,white,black,29,72,127805,8,299,0
65,test,na,na,Meaning,.png,target56-target28,1,na,500,1500,4,1,0,1,2,3,4,5,6,7,8,9,10,na,na,white,black,30,65,128750,9,442,0
77,test,na,na,Meaning,.png,target47,1,na,500,1500,4,1,0,1,2,3,4,5,6,7,8,9,10,na,na,white,black,31,77,129629,8,372,0
66,test,na,na,Meaning,.png,target1-target10,1,na,500,1500,4,1,0,1,2,3,4,5,6,7,8,9,10,na,na,white,black,32,66,130499,7,366,0
74,test,na,na,Meaning,.png,target30,1,na,500,1500,4,1,0,1,2,3,4,5,6,7,8,9,10,na,na,white,black,33,74,131286,6,283,0
73,test,na,na,Meaning,.png,target29,1,na,500,1500,4,1,0,1,2,3,4,5,6,7,8,9,10,na,na,white,black,34,73,131958,5,168,0
79,test,na,na,Meaning,.png,target55,1,na,500,1500,4,1,0,1,2,3,4,5,6,7,8,9,10,na,na,white,black,35,79,132653,4,193,0
69,test,na,na,Meaning,.png,target15-target46,1,na,500,1500,4,1,0,1,2,3,4,5,6,7,8,9,10,na,na,white,black,36,69,133565,6,409,0
78,test,na,na,Meaning,.png,target54,1,na,500,1500,4,1,0,1,2,3,4,5,6,7,8,9,10,na,na,white,black,37,78,134365,7,297,0
63,test,na,na,Meaning,.png,target27-target57,1,na,500,1500,4,1,0,1,2,3,4,5,6,7,8,9,10,na,na,white,black,38,63,135533,9,665,0
61,test,na,na,Meaning,.png,target2-target49,1,na,500,1500,4,1,0,1,2,3,4,5,6,7,8,9,10,na,na,white,black,39,61,136205,9,170,0
70,test,na,na,Meaning,.png,target59-target13,1,na,500,1500,4,1,0,1,2,3,4,5,6,7,8,9,10,na,na,white,black,40,70,136885,9,175,0
6,test,na,na,Intent,.png,target1-target10,1,na,500,1500,1,1,0,1,2,3,4,5,6,7,8,9,10,na,na,white,black,41,6,143185,6,187,0
4,test,na,na,Intent,.png,target40-target8,1,na,500,1500,1,1,0,1,2,3,4,5,6,7,8,9,10,na,na,white,black,42,4,143893,5,203,0
2,test,na,na,Intent,.png,target4-target11,1,na,500,1500,1,1,0,1,2,3,4,5,6,7,8,9,10,na,na,white,black,43,2,144721,4,323,0
1,test,na,na,Intent,.png,target2-target49,1,na,500,1500,1,1,0,1,2,3,4,5,6,7,8,9,10,na,na,white,black,44,1,145341,7,117,0
17,test,na,na,Intent,.png,target47,1,na,500,1500,1,1,0,1,2,3,4,5,6,7,8,9,10,na,na,white,black,45,17,145998,8,152,0
13,test,na,na,Intent,.png,target29,1,na,500,1500,1,1,0,1,2,3,4,5,6,7,8,9,10,na,na,white,black,46,13,146789,9,288,0
3,test,na,na,Intent,.png,target27-target57,1,na,500,1500,1,1,0,1,2,3,4,5,6,7,8,9,10,na,na,white,black,47,3,148807,8,1515,0
20,test,na,na,Intent,.png,target58,1,na,500,1500,1,1,0,1,2,3,4,5,6,7,8,9,10,na,na,white,black,48,20,149766,5,455,0
18,test,na,na,Intent,.png,target54,1,na,500,1500,1,1,0,1,2,3,4,5,6,7,8,9,10,na,na,white,black,49,18,150990,5,722,0
12,test,na,na,Intent,.png,target16,1,na,500,1500,1,1,0,1,2,3,4,5,6,7,8,9,10,na,na,white,black,50,12,151976,6,483,0
10,test,na,na,Intent,.png,target59-target13,1,na,500,1500,1,1,0,1,2,3,4,5,6,7,8,9,10,na,na,white,black,51,10,152984,8,505,0
19,test,na,na,Intent,.png,target55,1,na,500,1500,1,1,0,1,2,3,4,5,6,7,8,9,10,na,na,white,black,52,19,153974,9,484,0
7,test,na,na,Intent,.png,target3-target6,1,na,500,1500,1,1,0,1,2,3,4,5,6,7,8,9,10,na,na,white,black,53,7,154781,7,304,0
11,test,na,na,Intent,.png,target14,1,na,500,1500,1,1,0,1,2,3,4,5,6,7,8,9,10,na,na,white,black,54,11,155693,5,393,0
14,test,na,na,Intent,.png,target30,1,na,500,1500,1,1,0,1,2,3,4,5,6,7,8,9,10,na,na,white,black,55,14,156493,4,297,0
5,test,na,na,Intent,.png,target56-target28,1,na,500,1500,1,1,0,1,2,3,4,5,6,7,8,9,10,na,na,white,black,56,5,157542,5,546,0
8,test,na,na,Intent,.png,target12-target42,1,na,500,1500,1,1,0,1,2,3,4,5,6,7,8,9,10,na,na,white,black,57,8,158317,6,272,0
15,test,na,na,Intent,.png,target35,1,na,500,1500,1,1,0,1,2,3,4,5,6,7,8,9,10,na,na,white,black,58,15,158949,7,129,0
16,test,na,na,Intent,.png,target41,1,na,500,1500,1,1,0,1,2,3,4,5,6,7,8,9,10,na,na,white,black,59,16,160109,8,656,0
9,test,na,na,Intent,.png,target15-target46,1,na,500,1500,1,1,0,1,2,3,4,5,6,7,8,9,10,na,na,white,black,60,9,160813,8,201,0
53,test,na,na,Motion,.png,target29,1,na,500,1500,3,1,0,1,2,3,4,5,6,7,8,9,10,na,na,white,black,61,53,168646,6,520,0
45,test,na,na,Motion,.png,target56-target28,1,na,500,1500,3,1,0,1,2,3,4,5,6,7,8,9,10,na,na,white,black,62,45,169342,7,194,0
49,test,na,na,Motion,.png,target15-target46,1,na,500,1500,3,1,0,1,2,3,4,5,6,7,8,9,10,na,na,white,black,63,49,169981,9,135,0
51,test,na,na,Motion,.png,target14,1,na,500,1500,3,1,0,1,2,3,4,5,6,7,8,9,10,na,na,white,black,64,51,170781,9,298,0
58,test,na,na,Motion,.png,target54,1,na,500,1500,3,1,0,1,2,3,4,5,6,7,8,9,10,na,na,white,black,65,58,171886,7,602,0
44,test,na,na,Motion,.png,target40-target8,1,na,500,1500,3,1,0,1,2,3,4,5,6,7,8,9,10,na,na,white,black,66,44,172637,6,247,0
55,test,na,na,Motion,.png,target35,1,na,500,1500,3,1,0,1,2,3,4,5,6,7,8,9,10,na,na,white,black,67,55,173485,6,345,0
57,test,na,na,Motion,.png,target47,1,na,500,1500,3,1,0,1,2,3,4,5,6,7,8,9,10,na,na,white,black,68,57,174246,5,257,0
41,test,na,na,Motion,.png,target2-target49,1,na,500,1500,3,1,0,1,2,3,4,5,6,7,8,9,10,na,na,white,black,69,41,174957,4,209,0
46,test,na,na,Motion,.png,target1-target10,1,na,500,1500,3,1,0,1,2,3,4,5,6,7,8,9,10,na,na,white,black,70,46,176262,4,800,0
54,test,na,na,Motion,.png,target30,1,na,500,1500,3,1,0,1,2,3,4,5,6,7,8,9,10,na,na,white,black,71,54,176989,6,224,0
42,test,na,na,Motion,.png,target4-target11,1,na,500,1500,3,1,0,1,2,3,4,5,6,7,8,9,10,na,na,white,black,72,42,177669,7,173,0
59,test,na,na,Motion,.png,target55,1,na,500,1500,3,1,0,1,2,3,4,5,6,7,8,9,10,na,na,white,black,73,59,178319,8,148,0
43,test,na,na,Motion,.png,target27-target57,1,na,500,1500,3,1,0,1,2,3,4,5,6,7,8,9,10,na,na,white,black,74,43,179053,8,230,0
60,test,na,na,Motion,.png,target58,1,na,500,1500,3,1,0,1,2,3,4,5,6,7,8,9,10,na,na,white,black,75,60,179862,8,306,0
52,test,na,na,Motion,.png,target16,1,na,500,1500,3,1,0,1,2,3,4,5,6,7,8,9,10,na,na,white,black,76,52,180637,9,272,0
50,test,na,na,Motion,.png,target59-target13,1,na,500,1500,3,1,0,1,2,3,4,5,6,7,8,9,10,na,na,white,black,77,50,181462,8,321,0
48,test,na,na,Motion,.png,target12-target42,1,na,500,1500,3,1,0,1,2,3,4,5,6,7,8,9,10,na,na,white,black,78,48,182277,7,312,0
47,test,na,na,Motion,.png,target3-target6,1,na,500,1500,3,1,0,1,2,3,4,5,6,7,8,9,10,na,na,white,black,79,47,183021,6,240,0
56,test,na,na,Motion,.png,target41,1,na,500,1500,3,1,0,1,2,3,4,5,6,7,8,9,10,na,na,white,black,80,56,183798,5,273,0
