calibration,id,age,sex,handedness,nationality,Native language,completionCode
0.69,A37AJI03M37NPJ,33,male,right-handed,American,English,X8BH6et5YFEj8JNt

trialNo,type,title,content,trialText,stimFormat,stim1,fixation,key,ITI,presTime,randomBlock,random,button1,button2,button3,button4,button5,button6,button7,button8,button9,button10,button11,responseType,responseOptions,bgColor,textColor,orderPres,orderFile,timestamp,response,RT,correct
50,test,na,na,Motion,.png,target59-target13,1,na,500,1500,3,1,0,1,2,3,4,5,6,7,8,9,10,na,na,white,black,1,50,212432,6,2319,0
47,test,na,na,Motion,.png,target3-target6,1,na,500,1500,3,1,0,1,2,3,4,5,6,7,8,9,10,na,na,white,black,2,47,214718,8,1748,0
55,test,na,na,Motion,.png,target35,1,na,500,1500,3,1,0,1,2,3,4,5,6,7,8,9,10,na,na,white,black,3,55,216954,7,1714,0
53,test,na,na,Motion,.png,target29,1,na,500,1500,3,1,0,1,2,3,4,5,6,7,8,9,10,na,na,white,black,4,53,223125,5,5643,0
54,test,na,na,Motion,.png,target30,1,na,500,1500,3,1,0,1,2,3,4,5,6,7,8,9,10,na,na,white,black,5,54,225869,6,2218,0
52,test,na,na,Motion,.png,target16,1,na,500,1500,3,1,0,1,2,3,4,5,6,7,8,9,10,na,na,white,black,6,52,228754,7,2344,0
48,test,na,na,Motion,.png,target12-target42,1,na,500,1500,3,1,0,1,2,3,4,5,6,7,8,9,10,na,na,white,black,7,48,231577,8,2296,0
42,test,na,na,Motion,.png,target4-target11,1,na,500,1500,3,1,0,1,2,3,4,5,6,7,8,9,10,na,na,white,black,8,42,234304,9,2190,0
46,test,na,na,Motion,.png,target1-target10,1,na,500,1500,3,1,0,1,2,3,4,5,6,7,8,9,10,na,na,white,black,9,46,236562,7,1742,0
60,test,na,na,Motion,.png,target58,1,na,500,1500,3,1,0,1,2,3,4,5,6,7,8,9,10,na,na,white,black,10,60,238903,5,1810,0
56,test,na,na,Motion,.png,target41,1,na,500,1500,3,1,0,1,2,3,4,5,6,7,8,9,10,na,na,white,black,11,56,240945,5,1519,0
58,test,na,na,Motion,.png,target54,1,na,500,1500,3,1,0,1,2,3,4,5,6,7,8,9,10,na,na,white,black,12,58,243312,4,1836,0
43,test,na,na,Motion,.png,target27-target57,1,na,500,1500,3,1,0,1,2,3,4,5,6,7,8,9,10,na,na,white,black,13,43,245903,5,2060,0
41,test,na,na,Motion,.png,target2-target49,1,na,500,1500,3,1,0,1,2,3,4,5,6,7,8,9,10,na,na,white,black,14,41,248161,7,1736,0
51,test,na,na,Motion,.png,target14,1,na,500,1500,3,1,0,1,2,3,4,5,6,7,8,9,10,na,na,white,black,15,51,250681,6,1981,0
59,test,na,na,Motion,.png,target55,1,na,500,1500,3,1,0,1,2,3,4,5,6,7,8,9,10,na,na,white,black,16,59,252710,5,1506,0
45,test,na,na,Motion,.png,target56-target28,1,na,500,1500,3,1,0,1,2,3,4,5,6,7,8,9,10,na,na,white,black,17,45,254907,7,1683,0
57,test,na,na,Motion,.png,target47,1,na,500,1500,3,1,0,1,2,3,4,5,6,7,8,9,10,na,na,white,black,18,57,257026,6,1601,0
44,test,na,na,Motion,.png,target40-target8,1,na,500,1500,3,1,0,1,2,3,4,5,6,7,8,9,10,na,na,white,black,19,44,259423,5,1864,0
49,test,na,na,Motion,.png,target15-target46,1,na,500,1500,3,1,0,1,2,3,4,5,6,7,8,9,10,na,na,white,black,20,49,261708,7,1766,0
12,test,na,na,Intent,.png,target16,1,na,500,1500,1,1,0,1,2,3,4,5,6,7,8,9,10,na,na,white,black,21,12,293819,8,2242,0
6,test,na,na,Intent,.png,target1-target10,1,na,500,1500,1,1,0,1,2,3,4,5,6,7,8,9,10,na,na,white,black,22,6,296102,8,1757,0
4,test,na,na,Intent,.png,target40-target8,1,na,500,1500,1,1,0,1,2,3,4,5,6,7,8,9,10,na,na,white,black,23,4,299311,4,2683,0
2,test,na,na,Intent,.png,target4-target11,1,na,500,1500,1,1,0,1,2,3,4,5,6,7,8,9,10,na,na,white,black,24,2,302686,7,2852,0
20,test,na,na,Intent,.png,target58,1,na,500,1500,1,1,0,1,2,3,4,5,6,7,8,9,10,na,na,white,black,25,20,306066,3,2860,0
15,test,na,na,Intent,.png,target35,1,na,500,1500,1,1,0,1,2,3,4,5,6,7,8,9,10,na,na,white,black,26,15,308590,5,1999,0
10,test,na,na,Intent,.png,target59-target13,1,na,500,1500,1,1,0,1,2,3,4,5,6,7,8,9,10,na,na,white,black,27,10,310960,8,1851,0
7,test,na,na,Intent,.png,target3-target6,1,na,500,1500,1,1,0,1,2,3,4,5,6,7,8,9,10,na,na,white,black,28,7,313638,7,2156,0
9,test,na,na,Intent,.png,target15-target46,1,na,500,1500,1,1,0,1,2,3,4,5,6,7,8,9,10,na,na,white,black,29,9,316694,9,2532,0
17,test,na,na,Intent,.png,target47,1,na,500,1500,1,1,0,1,2,3,4,5,6,7,8,9,10,na,na,white,black,30,17,319362,3,2147,0
19,test,na,na,Intent,.png,target55,1,na,500,1500,1,1,0,1,2,3,4,5,6,7,8,9,10,na,na,white,black,31,19,321708,4,1829,0
18,test,na,na,Intent,.png,target54,1,na,500,1500,1,1,0,1,2,3,4,5,6,7,8,9,10,na,na,white,black,32,18,324231,6,1988,0
1,test,na,na,Intent,.png,target2-target49,1,na,500,1500,1,1,0,1,2,3,4,5,6,7,8,9,10,na,na,white,black,33,1,326733,8,1974,0
8,test,na,na,Intent,.png,target12-target42,1,na,500,1500,1,1,0,1,2,3,4,5,6,7,8,9,10,na,na,white,black,34,8,329186,5,1917,0
16,test,na,na,Intent,.png,target41,1,na,500,1500,1,1,0,1,2,3,4,5,6,7,8,9,10,na,na,white,black,35,16,331630,8,1925,0
5,test,na,na,Intent,.png,target56-target28,1,na,500,1500,1,1,0,1,2,3,4,5,6,7,8,9,10,na,na,white,black,36,5,335229,7,3057,0
13,test,na,na,Intent,.png,target29,1,na,500,1500,1,1,0,1,2,3,4,5,6,7,8,9,10,na,na,white,black,37,13,338079,5,2319,0
3,test,na,na,Intent,.png,target27-target57,1,na,500,1500,1,1,0,1,2,3,4,5,6,7,8,9,10,na,na,white,black,38,3,340351,8,1743,0
11,test,na,na,Intent,.png,target14,1,na,500,1500,1,1,0,1,2,3,4,5,6,7,8,9,10,na,na,white,black,39,11,343963,4,3087,0
14,test,na,na,Intent,.png,target30,1,na,500,1500,1,1,0,1,2,3,4,5,6,7,8,9,10,na,na,white,black,40,14,347242,9,2752,0
74,test,na,na,Meaning,.png,target30,1,na,500,1500,4,1,0,1,2,3,4,5,6,7,8,9,10,na,na,white,black,41,74,375656,9,2069,0
66,test,na,na,Meaning,.png,target1-target10,1,na,500,1500,4,1,0,1,2,3,4,5,6,7,8,9,10,na,na,white,black,42,66,378143,5,1963,0
73,test,na,na,Meaning,.png,target29,1,na,500,1500,4,1,0,1,2,3,4,5,6,7,8,9,10,na,na,white,black,43,73,380604,6,1943,0
79,test,na,na,Meaning,.png,target55,1,na,500,1500,4,1,0,1,2,3,4,5,6,7,8,9,10,na,na,white,black,44,79,382985,7,1866,0
61,test,na,na,Meaning,.png,target2-target49,1,na,500,1500,4,1,0,1,2,3,4,5,6,7,8,9,10,na,na,white,black,45,61,386059,8,2548,0
77,test,na,na,Meaning,.png,target47,1,na,500,1500,4,1,0,1,2,3,4,5,6,7,8,9,10,na,na,white,black,46,77,389796,5,3214,0
65,test,na,na,Meaning,.png,target56-target28,1,na,500,1500,4,1,0,1,2,3,4,5,6,7,8,9,10,na,na,white,black,47,65,392186,10,1867,0
72,test,na,na,Meaning,.png,target16,1,na,500,1500,4,1,0,1,2,3,4,5,6,7,8,9,10,na,na,white,black,48,72,394362,5,1656,0
75,test,na,na,Meaning,.png,target35,1,na,500,1500,4,1,0,1,2,3,4,5,6,7,8,9,10,na,na,white,black,49,75,396918,6,2031,0
78,test,na,na,Meaning,.png,target54,1,na,500,1500,4,1,0,1,2,3,4,5,6,7,8,9,10,na,na,white,black,50,78,399131,7,1661,0
63,test,na,na,Meaning,.png,target27-target57,1,na,500,1500,4,1,0,1,2,3,4,5,6,7,8,9,10,na,na,white,black,51,63,401645,9,1989,0
76,test,na,na,Meaning,.png,target41,1,na,500,1500,4,1,0,1,2,3,4,5,6,7,8,9,10,na,na,white,black,52,76,405196,5,3030,0
80,test,na,na,Meaning,.png,target58,1,na,500,1500,4,1,0,1,2,3,4,5,6,7,8,9,10,na,na,white,black,53,80,408386,8,2667,0
70,test,na,na,Meaning,.png,target59-target13,1,na,500,1500,4,1,0,1,2,3,4,5,6,7,8,9,10,na,na,white,black,54,70,411730,4,2825,0
62,test,na,na,Meaning,.png,target4-target11,1,na,500,1500,4,1,0,1,2,3,4,5,6,7,8,9,10,na,na,white,black,55,62,414453,8,2202,0
64,test,na,na,Meaning,.png,target40-target8,1,na,500,1500,4,1,0,1,2,3,4,5,6,7,8,9,10,na,na,white,black,56,64,417126,9,2157,0
68,test,na,na,Meaning,.png,target12-target42,1,na,500,1500,4,1,0,1,2,3,4,5,6,7,8,9,10,na,na,white,black,57,68,420646,8,3003,0
71,test,na,na,Meaning,.png,target14,1,na,500,1500,4,1,0,1,2,3,4,5,6,7,8,9,10,na,na,white,black,58,71,424436,5,3266,0
69,test,na,na,Meaning,.png,target15-target46,1,na,500,1500,4,1,0,1,2,3,4,5,6,7,8,9,10,na,na,white,black,59,69,426809,6,1851,0
67,test,na,na,Meaning,.png,target3-target6,1,na,500,1500,4,1,0,1,2,3,4,5,6,7,8,9,10,na,na,white,black,60,67,428946,6,1617,0
21,test,na,na,Emotion,.png,target2-target49,1,na,500,1500,2,1,0,1,2,3,4,5,6,7,8,9,10,na,na,white,black,61,21,454119,9,1912,0
27,test,na,na,Emotion,.png,target3-target6,1,na,500,1500,2,1,0,1,2,3,4,5,6,7,8,9,10,na,na,white,black,62,27,456482,8,1838,0
36,test,na,na,Emotion,.png,target41,1,na,500,1500,2,1,0,1,2,3,4,5,6,7,8,9,10,na,na,white,black,63,36,458768,5,1747,0
26,test,na,na,Emotion,.png,target1-target10,1,na,500,1500,2,1,0,1,2,3,4,5,6,7,8,9,10,na,na,white,black,64,26,461275,7,1992,0
33,test,na,na,Emotion,.png,target29,1,na,500,1500,2,1,0,1,2,3,4,5,6,7,8,9,10,na,na,white,black,65,33,465985,4,4173,0
39,test,na,na,Emotion,.png,target55,1,na,500,1500,2,1,0,1,2,3,4,5,6,7,8,9,10,na,na,white,black,66,39,468917,4,2406,0
23,test,na,na,Emotion,.png,target27-target57,1,na,500,1500,2,1,0,1,2,3,4,5,6,7,8,9,10,na,na,white,black,67,23,471611,10,2174,0
38,test,na,na,Emotion,.png,target54,1,na,500,1500,2,1,0,1,2,3,4,5,6,7,8,9,10,na,na,white,black,68,38,475803,7,3674,0
29,test,na,na,Emotion,.png,target15-target46,1,na,500,1500,2,1,0,1,2,3,4,5,6,7,8,9,10,na,na,white,black,69,29,478195,6,1861,0
37,test,na,na,Emotion,.png,target47,1,na,500,1500,2,1,0,1,2,3,4,5,6,7,8,9,10,na,na,white,black,70,37,480857,7,2138,0
30,test,na,na,Emotion,.png,target59-target13,1,na,500,1500,2,1,0,1,2,3,4,5,6,7,8,9,10,na,na,white,black,71,30,483107,7,1724,0
25,test,na,na,Emotion,.png,target56-target28,1,na,500,1500,2,1,0,1,2,3,4,5,6,7,8,9,10,na,na,white,black,72,25,485488,10,1853,0
40,test,na,na,Emotion,.png,target58,1,na,500,1500,2,1,0,1,2,3,4,5,6,7,8,9,10,na,na,white,black,73,40,488213,8,2199,0
32,test,na,na,Emotion,.png,target16,1,na,500,1500,2,1,0,1,2,3,4,5,6,7,8,9,10,na,na,white,black,74,32,490396,6,1666,0
28,test,na,na,Emotion,.png,target12-target42,1,na,500,1500,2,1,0,1,2,3,4,5,6,7,8,9,10,na,na,white,black,75,28,492965,5,2050,0
31,test,na,na,Emotion,.png,target14,1,na,500,1500,2,1,0,1,2,3,4,5,6,7,8,9,10,na,na,white,black,76,31,495752,5,2267,0
34,test,na,na,Emotion,.png,target30,1,na,500,1500,2,1,0,1,2,3,4,5,6,7,8,9,10,na,na,white,black,77,34,498325,7,2048,0
35,test,na,na,Emotion,.png,target35,1,na,500,1500,2,1,0,1,2,3,4,5,6,7,8,9,10,na,na,white,black,78,35,500568,8,1722,0
22,test,na,na,Emotion,.png,target4-target11,1,na,500,1500,2,1,0,1,2,3,4,5,6,7,8,9,10,na,na,white,black,79,22,503124,9,2034,0
24,test,na,na,Emotion,.png,target40-target8,1,na,500,1500,2,1,0,1,2,3,4,5,6,7,8,9,10,na,na,white,black,80,24,505557,8,1907,0
