calibration,id,age,sex,handedness,nationality,Native language,completionCode
1,A1BBZ5EMNSCZJR,49,male,right-handed,White,English,GMuaVRRK3XdRMRMq

trialNo,type,title,content,trialText,stimFormat,stim1,fixation,key,ITI,presTime,randomBlock,random,button1,button2,button3,button4,button5,button6,button7,button8,button9,button10,button11,responseType,responseOptions,bgColor,textColor,orderPres,orderFile,timestamp,response,RT,correct
27,test,na,na,Emotion,.png,target3-target6,1,na,500,1500,2,1,0,1,2,3,4,5,6,7,8,9,10,na,na,white,black,1,27,102220,11,2747,0
30,test,na,na,Emotion,.png,target59-target13,1,na,500,1500,2,1,0,1,2,3,4,5,6,7,8,9,10,na,na,white,black,2,30,103923,11,1173,0
23,test,na,na,Emotion,.png,target27-target57,1,na,500,1500,2,1,0,1,2,3,4,5,6,7,8,9,10,na,na,white,black,3,23,105407,11,965,0
29,test,na,na,Emotion,.png,target15-target46,1,na,500,1500,2,1,0,1,2,3,4,5,6,7,8,9,10,na,na,white,black,4,29,106853,11,927,0
21,test,na,na,Emotion,.png,target2-target49,1,na,500,1500,2,1,0,1,2,3,4,5,6,7,8,9,10,na,na,white,black,5,21,108561,11,1195,0
25,test,na,na,Emotion,.png,target56-target28,1,na,500,1500,2,1,0,1,2,3,4,5,6,7,8,9,10,na,na,white,black,6,25,109946,11,855,0
37,test,na,na,Emotion,.png,target47,1,na,500,1500,2,1,0,1,2,3,4,5,6,7,8,9,10,na,na,white,black,7,37,112965,7,2498,0
33,test,na,na,Emotion,.png,target29,1,na,500,1500,2,1,0,1,2,3,4,5,6,7,8,9,10,na,na,white,black,8,33,115612,7,2130,0
32,test,na,na,Emotion,.png,target16,1,na,500,1500,2,1,0,1,2,3,4,5,6,7,8,9,10,na,na,white,black,9,32,117382,7,1245,0
35,test,na,na,Emotion,.png,target35,1,na,500,1500,2,1,0,1,2,3,4,5,6,7,8,9,10,na,na,white,black,10,35,118594,8,694,0
36,test,na,na,Emotion,.png,target41,1,na,500,1500,2,1,0,1,2,3,4,5,6,7,8,9,10,na,na,white,black,11,36,120329,11,1217,0
40,test,na,na,Emotion,.png,target58,1,na,500,1500,2,1,0,1,2,3,4,5,6,7,8,9,10,na,na,white,black,12,40,121440,11,595,0
38,test,na,na,Emotion,.png,target54,1,na,500,1500,2,1,0,1,2,3,4,5,6,7,8,9,10,na,na,white,black,13,38,122610,11,628,0
34,test,na,na,Emotion,.png,target30,1,na,500,1500,2,1,0,1,2,3,4,5,6,7,8,9,10,na,na,white,black,14,34,123708,11,587,0
28,test,na,na,Emotion,.png,target12-target42,1,na,500,1500,2,1,0,1,2,3,4,5,6,7,8,9,10,na,na,white,black,15,28,124989,11,760,0
24,test,na,na,Emotion,.png,target40-target8,1,na,500,1500,2,1,0,1,2,3,4,5,6,7,8,9,10,na,na,white,black,16,24,126530,11,1022,0
39,test,na,na,Emotion,.png,target55,1,na,500,1500,2,1,0,1,2,3,4,5,6,7,8,9,10,na,na,white,black,17,39,127715,11,667,0
26,test,na,na,Emotion,.png,target1-target10,1,na,500,1500,2,1,0,1,2,3,4,5,6,7,8,9,10,na,na,white,black,18,26,128792,11,562,0
31,test,na,na,Emotion,.png,target14,1,na,500,1500,2,1,0,1,2,3,4,5,6,7,8,9,10,na,na,white,black,19,31,130075,11,768,0
22,test,na,na,Emotion,.png,target4-target11,1,na,500,1500,2,1,0,1,2,3,4,5,6,7,8,9,10,na,na,white,black,20,22,131141,11,544,0
20,test,na,na,Intent,.png,target58,1,na,500,1500,1,1,0,1,2,3,4,5,6,7,8,9,10,na,na,white,black,21,20,147734,8,1437,0
19,test,na,na,Intent,.png,target55,1,na,500,1500,1,1,0,1,2,3,4,5,6,7,8,9,10,na,na,white,black,22,19,149419,8,1166,0
14,test,na,na,Intent,.png,target30,1,na,500,1500,1,1,0,1,2,3,4,5,6,7,8,9,10,na,na,white,black,23,14,150977,9,1031,0
13,test,na,na,Intent,.png,target29,1,na,500,1500,1,1,0,1,2,3,4,5,6,7,8,9,10,na,na,white,black,24,13,152069,9,572,0
3,test,na,na,Intent,.png,target27-target57,1,na,500,1500,1,1,0,1,2,3,4,5,6,7,8,9,10,na,na,white,black,25,3,153699,8,1110,0
2,test,na,na,Intent,.png,target4-target11,1,na,500,1500,1,1,0,1,2,3,4,5,6,7,8,9,10,na,na,white,black,26,2,154898,8,681,0
11,test,na,na,Intent,.png,target14,1,na,500,1500,1,1,0,1,2,3,4,5,6,7,8,9,10,na,na,white,black,27,11,156048,9,626,0
5,test,na,na,Intent,.png,target56-target28,1,na,500,1500,1,1,0,1,2,3,4,5,6,7,8,9,10,na,na,white,black,28,5,157429,7,858,0
1,test,na,na,Intent,.png,target2-target49,1,na,500,1500,1,1,0,1,2,3,4,5,6,7,8,9,10,na,na,white,black,29,1,158748,9,795,0
8,test,na,na,Intent,.png,target12-target42,1,na,500,1500,1,1,0,1,2,3,4,5,6,7,8,9,10,na,na,white,black,30,8,159828,8,564,0
7,test,na,na,Intent,.png,target3-target6,1,na,500,1500,1,1,0,1,2,3,4,5,6,7,8,9,10,na,na,white,black,31,7,160942,9,589,0
9,test,na,na,Intent,.png,target15-target46,1,na,500,1500,1,1,0,1,2,3,4,5,6,7,8,9,10,na,na,white,black,32,9,162165,8,704,0
17,test,na,na,Intent,.png,target47,1,na,500,1500,1,1,0,1,2,3,4,5,6,7,8,9,10,na,na,white,black,33,17,163718,9,981,0
4,test,na,na,Intent,.png,target40-target8,1,na,500,1500,1,1,0,1,2,3,4,5,6,7,8,9,10,na,na,white,black,34,4,165065,8,830,0
6,test,na,na,Intent,.png,target1-target10,1,na,500,1500,1,1,0,1,2,3,4,5,6,7,8,9,10,na,na,white,black,35,6,167350,9,1762,0
16,test,na,na,Intent,.png,target41,1,na,500,1500,1,1,0,1,2,3,4,5,6,7,8,9,10,na,na,white,black,36,16,168826,9,942,0
12,test,na,na,Intent,.png,target16,1,na,500,1500,1,1,0,1,2,3,4,5,6,7,8,9,10,na,na,white,black,37,12,171255,9,1907,0
15,test,na,na,Intent,.png,target35,1,na,500,1500,1,1,0,1,2,3,4,5,6,7,8,9,10,na,na,white,black,38,15,173190,9,1399,0
18,test,na,na,Intent,.png,target54,1,na,500,1500,1,1,0,1,2,3,4,5,6,7,8,9,10,na,na,white,black,39,18,175163,9,1442,0
10,test,na,na,Intent,.png,target59-target13,1,na,500,1500,1,1,0,1,2,3,4,5,6,7,8,9,10,na,na,white,black,40,10,176488,9,802,0
58,test,na,na,Motion,.png,target54,1,na,500,1500,3,1,0,1,2,3,4,5,6,7,8,9,10,na,na,white,black,41,58,190421,8,1109,0
50,test,na,na,Motion,.png,target59-target13,1,na,500,1500,3,1,0,1,2,3,4,5,6,7,8,9,10,na,na,white,black,42,50,191711,9,770,0
46,test,na,na,Motion,.png,target1-target10,1,na,500,1500,3,1,0,1,2,3,4,5,6,7,8,9,10,na,na,white,black,43,46,192787,8,553,0
41,test,na,na,Motion,.png,target2-target49,1,na,500,1500,3,1,0,1,2,3,4,5,6,7,8,9,10,na,na,white,black,44,41,194711,8,1406,0
53,test,na,na,Motion,.png,target29,1,na,500,1500,3,1,0,1,2,3,4,5,6,7,8,9,10,na,na,white,black,45,53,195792,8,542,0
55,test,na,na,Motion,.png,target35,1,na,500,1500,3,1,0,1,2,3,4,5,6,7,8,9,10,na,na,white,black,46,55,196771,8,462,0
56,test,na,na,Motion,.png,target41,1,na,500,1500,3,1,0,1,2,3,4,5,6,7,8,9,10,na,na,white,black,47,56,197821,8,516,0
48,test,na,na,Motion,.png,target12-target42,1,na,500,1500,3,1,0,1,2,3,4,5,6,7,8,9,10,na,na,white,black,48,48,198831,8,489,0
49,test,na,na,Motion,.png,target15-target46,1,na,500,1500,3,1,0,1,2,3,4,5,6,7,8,9,10,na,na,white,black,49,49,199902,8,553,0
42,test,na,na,Motion,.png,target4-target11,1,na,500,1500,3,1,0,1,2,3,4,5,6,7,8,9,10,na,na,white,black,50,42,200650,8,205,0
47,test,na,na,Motion,.png,target3-target6,1,na,500,1500,3,1,0,1,2,3,4,5,6,7,8,9,10,na,na,white,black,51,47,201665,8,500,0
44,test,na,na,Motion,.png,target40-target8,1,na,500,1500,3,1,0,1,2,3,4,5,6,7,8,9,10,na,na,white,black,52,44,202440,8,250,0
51,test,na,na,Motion,.png,target14,1,na,500,1500,3,1,0,1,2,3,4,5,6,7,8,9,10,na,na,white,black,53,51,203559,8,601,0
43,test,na,na,Motion,.png,target27-target57,1,na,500,1500,3,1,0,1,2,3,4,5,6,7,8,9,10,na,na,white,black,54,43,204523,8,443,0
54,test,na,na,Motion,.png,target30,1,na,500,1500,3,1,0,1,2,3,4,5,6,7,8,9,10,na,na,white,black,55,54,205376,8,336,0
60,test,na,na,Motion,.png,target58,1,na,500,1500,3,1,0,1,2,3,4,5,6,7,8,9,10,na,na,white,black,56,60,207078,8,1170,0
52,test,na,na,Motion,.png,target16,1,na,500,1500,3,1,0,1,2,3,4,5,6,7,8,9,10,na,na,white,black,57,52,208239,8,644,0
57,test,na,na,Motion,.png,target47,1,na,500,1500,3,1,0,1,2,3,4,5,6,7,8,9,10,na,na,white,black,58,57,209543,8,787,0
59,test,na,na,Motion,.png,target55,1,na,500,1500,3,1,0,1,2,3,4,5,6,7,8,9,10,na,na,white,black,59,59,210512,8,452,0
45,test,na,na,Motion,.png,target56-target28,1,na,500,1500,3,1,0,1,2,3,4,5,6,7,8,9,10,na,na,white,black,60,45,211284,8,244,0
70,test,na,na,Meaning,.png,target59-target13,1,na,500,1500,4,1,0,1,2,3,4,5,6,7,8,9,10,na,na,white,black,61,70,227701,8,2404,0
63,test,na,na,Meaning,.png,target27-target57,1,na,500,1500,4,1,0,1,2,3,4,5,6,7,8,9,10,na,na,white,black,62,63,229540,9,1318,0
71,test,na,na,Meaning,.png,target14,1,na,500,1500,4,1,0,1,2,3,4,5,6,7,8,9,10,na,na,white,black,63,71,230857,7,801,0
79,test,na,na,Meaning,.png,target55,1,na,500,1500,4,1,0,1,2,3,4,5,6,7,8,9,10,na,na,white,black,64,79,232132,9,754,0
74,test,na,na,Meaning,.png,target30,1,na,500,1500,4,1,0,1,2,3,4,5,6,7,8,9,10,na,na,white,black,65,74,233221,10,568,0
77,test,na,na,Meaning,.png,target47,1,na,500,1500,4,1,0,1,2,3,4,5,6,7,8,9,10,na,na,white,black,66,77,234387,8,650,0
69,test,na,na,Meaning,.png,target15-target46,1,na,500,1500,4,1,0,1,2,3,4,5,6,7,8,9,10,na,na,white,black,67,69,236807,10,992,0
68,test,na,na,Meaning,.png,target12-target42,1,na,500,1500,4,1,0,1,2,3,4,5,6,7,8,9,10,na,na,white,black,68,68,238060,8,730,0
72,test,na,na,Meaning,.png,target16,1,na,500,1500,4,1,0,1,2,3,4,5,6,7,8,9,10,na,na,white,black,69,72,241812,9,3221,0
75,test,na,na,Meaning,.png,target35,1,na,500,1500,4,1,0,1,2,3,4,5,6,7,8,9,10,na,na,white,black,70,75,243387,9,1041,0
78,test,na,na,Meaning,.png,target54,1,na,500,1500,4,1,0,1,2,3,4,5,6,7,8,9,10,na,na,white,black,71,78,245121,10,1145,0
80,test,na,na,Meaning,.png,target58,1,na,500,1500,4,1,0,1,2,3,4,5,6,7,8,9,10,na,na,white,black,72,80,246340,9,682,0
64,test,na,na,Meaning,.png,target40-target8,1,na,500,1500,4,1,0,1,2,3,4,5,6,7,8,9,10,na,na,white,black,73,64,247717,8,789,0
66,test,na,na,Meaning,.png,target1-target10,1,na,500,1500,4,1,0,1,2,3,4,5,6,7,8,9,10,na,na,white,black,74,66,250319,10,1724,0
61,test,na,na,Meaning,.png,target2-target49,1,na,500,1500,4,1,0,1,2,3,4,5,6,7,8,9,10,na,na,white,black,75,61,251808,9,944,0
65,test,na,na,Meaning,.png,target56-target28,1,na,500,1500,4,1,0,1,2,3,4,5,6,7,8,9,10,na,na,white,black,76,65,253205,8,846,0
76,test,na,na,Meaning,.png,target41,1,na,500,1500,4,1,0,1,2,3,4,5,6,7,8,9,10,na,na,white,black,77,76,254882,9,1157,0
73,test,na,na,Meaning,.png,target29,1,na,500,1500,4,1,0,1,2,3,4,5,6,7,8,9,10,na,na,white,black,78,73,256843,10,1445,0
67,test,na,na,Meaning,.png,target3-target6,1,na,500,1500,4,1,0,1,2,3,4,5,6,7,8,9,10,na,na,white,black,79,67,259696,9,2332,0
62,test,na,na,Meaning,.png,target4-target11,1,na,500,1500,4,1,0,1,2,3,4,5,6,7,8,9,10,na,na,white,black,80,62,261339,9,1123,0
