calibration,id,age,sex,handedness,nationality,Native language,completionCode
1,A333BXH5ATXBHC,23,female,right-handed,USA,English,k1E3MAtxTwYlQxav

trialNo,type,title,content,trialText,stimFormat,stim1,fixation,key,ITI,presTime,randomBlock,random,button1,button2,button3,button4,button5,button6,button7,button8,button9,button10,button11,responseType,responseOptions,bgColor,textColor,orderPres,orderFile,timestamp,response,RT,correct
38,test,na,na,Emotion,.png,target42,1,na,500,1500,2,1,0,1,2,3,4,5,6,7,8,9,10,na,na,white,black,1,38,90937,6,1490,0
32,test,na,na,Emotion,.png,target3,1,na,500,1500,2,1,0,1,2,3,4,5,6,7,8,9,10,na,na,white,black,2,32,94014,5,2571,0
36,test,na,na,Emotion,.png,target13,1,na,500,1500,2,1,0,1,2,3,4,5,6,7,8,9,10,na,na,white,black,3,36,96534,5,2012,0
39,test,na,na,Emotion,.png,target46,1,na,500,1500,2,1,0,1,2,3,4,5,6,7,8,9,10,na,na,white,black,4,39,98719,8,1679,0
29,test,na,na,Emotion,.png,target49-target2,1,na,500,1500,2,1,0,1,2,3,4,5,6,7,8,9,10,na,na,white,black,5,29,101724,9,2500,0
28,test,na,na,Emotion,.png,target28-target56,1,na,500,1500,2,1,0,1,2,3,4,5,6,7,8,9,10,na,na,white,black,6,28,104086,9,1855,0
21,test,na,na,Emotion,.png,target14-target29,1,na,500,1500,2,1,0,1,2,3,4,5,6,7,8,9,10,na,na,white,black,7,21,107138,9,2546,0
30,test,na,na,Emotion,.png,target57-target27,1,na,500,1500,2,1,0,1,2,3,4,5,6,7,8,9,10,na,na,white,black,8,30,110248,6,2605,0
22,test,na,na,Emotion,.png,target16-target55,1,na,500,1500,2,1,0,1,2,3,4,5,6,7,8,9,10,na,na,white,black,9,22,112987,10,2234,0
25,test,na,na,Emotion,.png,target58-target47,1,na,500,1500,2,1,0,1,2,3,4,5,6,7,8,9,10,na,na,white,black,10,25,115180,10,1688,0
31,test,na,na,Emotion,.png,target1,1,na,500,1500,2,1,0,1,2,3,4,5,6,7,8,9,10,na,na,white,black,11,31,117446,1,1759,0
34,test,na,na,Emotion,.png,target10,1,na,500,1500,2,1,0,1,2,3,4,5,6,7,8,9,10,na,na,white,black,12,34,119761,1,1809,0
40,test,na,na,Emotion,.png,target59,1,na,500,1500,2,1,0,1,2,3,4,5,6,7,8,9,10,na,na,white,black,13,40,122340,6,2073,0
35,test,na,na,Emotion,.png,target12,1,na,500,1500,2,1,0,1,2,3,4,5,6,7,8,9,10,na,na,white,black,14,35,125228,3,2381,0
23,test,na,na,Emotion,.png,target30-target35,1,na,500,1500,2,1,0,1,2,3,4,5,6,7,8,9,10,na,na,white,black,15,23,127668,11,1933,0
27,test,na,na,Emotion,.png,target11-target4,1,na,500,1500,2,1,0,1,2,3,4,5,6,7,8,9,10,na,na,white,black,16,27,130342,5,2170,0
37,test,na,na,Emotion,.png,target15,1,na,500,1500,2,1,0,1,2,3,4,5,6,7,8,9,10,na,na,white,black,17,37,133160,1,2313,0
24,test,na,na,Emotion,.png,target54-target41,1,na,500,1500,2,1,0,1,2,3,4,5,6,7,8,9,10,na,na,white,black,18,24,135370,5,1704,0
33,test,na,na,Emotion,.png,target6,1,na,500,1500,2,1,0,1,2,3,4,5,6,7,8,9,10,na,na,white,black,19,33,137486,5,1610,0
26,test,na,na,Emotion,.png,target8-target40,1,na,500,1500,2,1,0,1,2,3,4,5,6,7,8,9,10,na,na,white,black,20,26,140052,7,2061,0
44,test,na,na,Motion,.png,target54-target41,1,na,500,1500,3,1,0,1,2,3,4,5,6,7,8,9,10,na,na,white,black,21,44,163710,6,1846,0
45,test,na,na,Motion,.png,target58-target47,1,na,500,1500,3,1,0,1,2,3,4,5,6,7,8,9,10,na,na,white,black,22,45,166353,8,2135,0
53,test,na,na,Motion,.png,target6,1,na,500,1500,3,1,0,1,2,3,4,5,6,7,8,9,10,na,na,white,black,23,53,168525,11,1667,0
46,test,na,na,Motion,.png,target8-target40,1,na,500,1500,3,1,0,1,2,3,4,5,6,7,8,9,10,na,na,white,black,24,46,170680,11,1647,0
57,test,na,na,Motion,.png,target15,1,na,500,1500,3,1,0,1,2,3,4,5,6,7,8,9,10,na,na,white,black,25,57,172812,8,1624,0
43,test,na,na,Motion,.png,target30-target35,1,na,500,1500,3,1,0,1,2,3,4,5,6,7,8,9,10,na,na,white,black,26,43,175480,11,2160,0
41,test,na,na,Motion,.png,target14-target29,1,na,500,1500,3,1,0,1,2,3,4,5,6,7,8,9,10,na,na,white,black,27,41,180034,9,4045,0
47,test,na,na,Motion,.png,target11-target4,1,na,500,1500,3,1,0,1,2,3,4,5,6,7,8,9,10,na,na,white,black,28,47,181883,11,1341,0
51,test,na,na,Motion,.png,target1,1,na,500,1500,3,1,0,1,2,3,4,5,6,7,8,9,10,na,na,white,black,29,51,184418,4,2030,0
49,test,na,na,Motion,.png,target49-target2,1,na,500,1500,3,1,0,1,2,3,4,5,6,7,8,9,10,na,na,white,black,30,49,186291,11,1367,0
50,test,na,na,Motion,.png,target57-target27,1,na,500,1500,3,1,0,1,2,3,4,5,6,7,8,9,10,na,na,white,black,31,50,188382,1,1585,0
42,test,na,na,Motion,.png,target16-target55,1,na,500,1500,3,1,0,1,2,3,4,5,6,7,8,9,10,na,na,white,black,32,42,190375,4,1485,0
48,test,na,na,Motion,.png,target28-target56,1,na,500,1500,3,1,0,1,2,3,4,5,6,7,8,9,10,na,na,white,black,33,48,193592,4,2710,0
52,test,na,na,Motion,.png,target3,1,na,500,1500,3,1,0,1,2,3,4,5,6,7,8,9,10,na,na,white,black,34,52,195569,11,1471,0
60,test,na,na,Motion,.png,target59,1,na,500,1500,3,1,0,1,2,3,4,5,6,7,8,9,10,na,na,white,black,35,60,197613,1,1537,0
58,test,na,na,Motion,.png,target42,1,na,500,1500,3,1,0,1,2,3,4,5,6,7,8,9,10,na,na,white,black,36,58,199532,4,1411,0
54,test,na,na,Motion,.png,target10,1,na,500,1500,3,1,0,1,2,3,4,5,6,7,8,9,10,na,na,white,black,37,54,201294,4,1255,0
59,test,na,na,Motion,.png,target46,1,na,500,1500,3,1,0,1,2,3,4,5,6,7,8,9,10,na,na,white,black,38,59,203101,7,1300,0
56,test,na,na,Motion,.png,target13,1,na,500,1500,3,1,0,1,2,3,4,5,6,7,8,9,10,na,na,white,black,39,56,205063,7,1452,0
55,test,na,na,Motion,.png,target12,1,na,500,1500,3,1,0,1,2,3,4,5,6,7,8,9,10,na,na,white,black,40,55,206912,6,1342,0
78,test,na,na,Meaning,.png,target42,1,na,500,1500,4,1,0,1,2,3,4,5,6,7,8,9,10,na,na,white,black,41,78,226368,3,1507,0
70,test,na,na,Meaning,.png,target57-target27,1,na,500,1500,4,1,0,1,2,3,4,5,6,7,8,9,10,na,na,white,black,42,70,228248,6,1375,0
72,test,na,na,Meaning,.png,target3,1,na,500,1500,4,1,0,1,2,3,4,5,6,7,8,9,10,na,na,white,black,43,72,230137,9,1383,0
75,test,na,na,Meaning,.png,target12,1,na,500,1500,4,1,0,1,2,3,4,5,6,7,8,9,10,na,na,white,black,44,75,232112,6,1466,0
62,test,na,na,Meaning,.png,target16-target55,1,na,500,1500,4,1,0,1,2,3,4,5,6,7,8,9,10,na,na,white,black,45,62,233999,11,1382,0
68,test,na,na,Meaning,.png,target28-target56,1,na,500,1500,4,1,0,1,2,3,4,5,6,7,8,9,10,na,na,white,black,46,68,236345,6,1840,0
64,test,na,na,Meaning,.png,target54-target41,1,na,500,1500,4,1,0,1,2,3,4,5,6,7,8,9,10,na,na,white,black,47,64,237949,11,1098,0
66,test,na,na,Meaning,.png,target8-target40,1,na,500,1500,4,1,0,1,2,3,4,5,6,7,8,9,10,na,na,white,black,48,66,240184,8,1726,0
63,test,na,na,Meaning,.png,target30-target35,1,na,500,1500,4,1,0,1,2,3,4,5,6,7,8,9,10,na,na,white,black,49,63,241883,11,1191,0
77,test,na,na,Meaning,.png,target15,1,na,500,1500,4,1,0,1,2,3,4,5,6,7,8,9,10,na,na,white,black,50,77,244251,2,1863,0
67,test,na,na,Meaning,.png,target11-target4,1,na,500,1500,4,1,0,1,2,3,4,5,6,7,8,9,10,na,na,white,black,51,67,246800,6,2040,0
76,test,na,na,Meaning,.png,target13,1,na,500,1500,4,1,0,1,2,3,4,5,6,7,8,9,10,na,na,white,black,52,76,248680,2,1375,0
79,test,na,na,Meaning,.png,target46,1,na,500,1500,4,1,0,1,2,3,4,5,6,7,8,9,10,na,na,white,black,53,79,250914,7,1727,0
80,test,na,na,Meaning,.png,target59,1,na,500,1500,4,1,0,1,2,3,4,5,6,7,8,9,10,na,na,white,black,54,80,252534,7,1115,0
65,test,na,na,Meaning,.png,target58-target47,1,na,500,1500,4,1,0,1,2,3,4,5,6,7,8,9,10,na,na,white,black,55,65,254794,9,1754,0
69,test,na,na,Meaning,.png,target49-target2,1,na,500,1500,4,1,0,1,2,3,4,5,6,7,8,9,10,na,na,white,black,56,69,257522,6,2221,0
61,test,na,na,Meaning,.png,target14-target29,1,na,500,1500,4,1,0,1,2,3,4,5,6,7,8,9,10,na,na,white,black,57,61,259433,11,1403,0
74,test,na,na,Meaning,.png,target10,1,na,500,1500,4,1,0,1,2,3,4,5,6,7,8,9,10,na,na,white,black,58,74,261393,1,1453,0
71,test,na,na,Meaning,.png,target1,1,na,500,1500,4,1,0,1,2,3,4,5,6,7,8,9,10,na,na,white,black,59,71,263077,1,1180,0
73,test,na,na,Meaning,.png,target6,1,na,500,1500,4,1,0,1,2,3,4,5,6,7,8,9,10,na,na,white,black,60,73,265349,6,1765,0
8,test,na,na,Intent,.png,target28-target56,1,na,500,1500,1,1,0,1,2,3,4,5,6,7,8,9,10,na,na,white,black,61,8,298209,8,1956,0
9,test,na,na,Intent,.png,target49-target2,1,na,500,1500,1,1,0,1,2,3,4,5,6,7,8,9,10,na,na,white,black,62,9,300774,8,2057,0
18,test,na,na,Intent,.png,target42,1,na,500,1500,1,1,0,1,2,3,4,5,6,7,8,9,10,na,na,white,black,63,18,302889,11,1608,0
14,test,na,na,Intent,.png,target10,1,na,500,1500,1,1,0,1,2,3,4,5,6,7,8,9,10,na,na,white,black,64,14,305691,1,2296,0
3,test,na,na,Intent,.png,target30-target35,1,na,500,1500,1,1,0,1,2,3,4,5,6,7,8,9,10,na,na,white,black,65,3,307405,11,1209,0
20,test,na,na,Intent,.png,target59,1,na,500,1500,1,1,0,1,2,3,4,5,6,7,8,9,10,na,na,white,black,66,20,309127,11,1216,0
4,test,na,na,Intent,.png,target54-target41,1,na,500,1500,1,1,0,1,2,3,4,5,6,7,8,9,10,na,na,white,black,67,4,310763,11,1130,0
19,test,na,na,Intent,.png,target46,1,na,500,1500,1,1,0,1,2,3,4,5,6,7,8,9,10,na,na,white,black,68,19,313076,11,1805,0
1,test,na,na,Intent,.png,target14-target29,1,na,500,1500,1,1,0,1,2,3,4,5,6,7,8,9,10,na,na,white,black,69,1,315117,11,1534,0
15,test,na,na,Intent,.png,target12,1,na,500,1500,1,1,0,1,2,3,4,5,6,7,8,9,10,na,na,white,black,70,15,317197,6,1575,0
16,test,na,na,Intent,.png,target13,1,na,500,1500,1,1,0,1,2,3,4,5,6,7,8,9,10,na,na,white,black,71,16,319141,6,1436,0
12,test,na,na,Intent,.png,target3,1,na,500,1500,1,1,0,1,2,3,4,5,6,7,8,9,10,na,na,white,black,72,12,321673,1,2027,0
11,test,na,na,Intent,.png,target1,1,na,500,1500,1,1,0,1,2,3,4,5,6,7,8,9,10,na,na,white,black,73,11,322947,1,768,0
10,test,na,na,Intent,.png,target57-target27,1,na,500,1500,1,1,0,1,2,3,4,5,6,7,8,9,10,na,na,white,black,74,10,325449,5,1996,0
7,test,na,na,Intent,.png,target11-target4,1,na,500,1500,1,1,0,1,2,3,4,5,6,7,8,9,10,na,na,white,black,75,7,327329,5,1376,0
6,test,na,na,Intent,.png,target8-target40,1,na,500,1500,1,1,0,1,2,3,4,5,6,7,8,9,10,na,na,white,black,76,6,328951,5,1118,0
5,test,na,na,Intent,.png,target58-target47,1,na,500,1500,1,1,0,1,2,3,4,5,6,7,8,9,10,na,na,white,black,77,5,331255,10,1798,0
13,test,na,na,Intent,.png,target6,1,na,500,1500,1,1,0,1,2,3,4,5,6,7,8,9,10,na,na,white,black,78,13,333063,6,1301,0
2,test,na,na,Intent,.png,target16-target55,1,na,500,1500,1,1,0,1,2,3,4,5,6,7,8,9,10,na,na,white,black,79,2,334935,11,1365,0
17,test,na,na,Intent,.png,target15,1,na,500,1500,1,1,0,1,2,3,4,5,6,7,8,9,10,na,na,white,black,80,17,337217,1,1773,0
