calibration,id,age,sex,handedness,nationality,Native language,completionCode
1,A3QQJISUKWNE0,28,female,right-handed,INDIAN,TAMIL,aybTDcSsnDJAqQE8

trialNo,type,title,content,trialText,stimFormat,stim1,fixation,key,ITI,presTime,randomBlock,random,button1,button2,button3,button4,button5,button6,button7,button8,button9,button10,button11,responseType,responseOptions,bgColor,textColor,orderPres,orderFile,timestamp,response,RT,correct
49,test,na,na,Motion,.png,target49-target2,1,na,500,1500,3,1,0,1,2,3,4,5,6,7,8,9,10,na,na,white,black,1,49,118500,3,1366,0
44,test,na,na,Motion,.png,target54-target41,1,na,500,1500,3,1,0,1,2,3,4,5,6,7,8,9,10,na,na,white,black,2,44,120013,3,1006,0
58,test,na,na,Motion,.png,target42,1,na,500,1500,3,1,0,1,2,3,4,5,6,7,8,9,10,na,na,white,black,3,58,121595,2,1077,0
51,test,na,na,Motion,.png,target1,1,na,500,1500,3,1,0,1,2,3,4,5,6,7,8,9,10,na,na,white,black,4,51,123275,2,1176,0
45,test,na,na,Motion,.png,target58-target47,1,na,500,1500,3,1,0,1,2,3,4,5,6,7,8,9,10,na,na,white,black,5,45,124698,3,916,0
60,test,na,na,Motion,.png,target59,1,na,500,1500,3,1,0,1,2,3,4,5,6,7,8,9,10,na,na,white,black,6,60,126122,2,920,0
42,test,na,na,Motion,.png,target16-target55,1,na,500,1500,3,1,0,1,2,3,4,5,6,7,8,9,10,na,na,white,black,7,42,127484,3,856,0
53,test,na,na,Motion,.png,target6,1,na,500,1500,3,1,0,1,2,3,4,5,6,7,8,9,10,na,na,white,black,8,53,128802,2,813,0
50,test,na,na,Motion,.png,target57-target27,1,na,500,1500,3,1,0,1,2,3,4,5,6,7,8,9,10,na,na,white,black,9,50,130108,3,800,0
59,test,na,na,Motion,.png,target46,1,na,500,1500,3,1,0,1,2,3,4,5,6,7,8,9,10,na,na,white,black,10,59,131266,2,653,0
52,test,na,na,Motion,.png,target3,1,na,500,1500,3,1,0,1,2,3,4,5,6,7,8,9,10,na,na,white,black,11,52,132554,3,782,0
41,test,na,na,Motion,.png,target14-target29,1,na,500,1500,3,1,0,1,2,3,4,5,6,7,8,9,10,na,na,white,black,12,41,134045,3,985,0
57,test,na,na,Motion,.png,target15,1,na,500,1500,3,1,0,1,2,3,4,5,6,7,8,9,10,na,na,white,black,13,57,135397,2,846,0
47,test,na,na,Motion,.png,target11-target4,1,na,500,1500,3,1,0,1,2,3,4,5,6,7,8,9,10,na,na,white,black,14,47,137251,3,1348,0
55,test,na,na,Motion,.png,target12,1,na,500,1500,3,1,0,1,2,3,4,5,6,7,8,9,10,na,na,white,black,15,55,138547,2,790,0
56,test,na,na,Motion,.png,target13,1,na,500,1500,3,1,0,1,2,3,4,5,6,7,8,9,10,na,na,white,black,16,56,140554,2,1495,0
46,test,na,na,Motion,.png,target8-target40,1,na,500,1500,3,1,0,1,2,3,4,5,6,7,8,9,10,na,na,white,black,17,46,142980,3,1921,0
54,test,na,na,Motion,.png,target10,1,na,500,1500,3,1,0,1,2,3,4,5,6,7,8,9,10,na,na,white,black,18,54,144981,2,1495,0
43,test,na,na,Motion,.png,target30-target35,1,na,500,1500,3,1,0,1,2,3,4,5,6,7,8,9,10,na,na,white,black,19,43,147011,3,1031,0
48,test,na,na,Motion,.png,target28-target56,1,na,500,1500,3,1,0,1,2,3,4,5,6,7,8,9,10,na,na,white,black,20,48,148490,3,973,0
15,test,na,na,Intent,.png,target12,1,na,500,1500,1,1,0,1,2,3,4,5,6,7,8,9,10,na,na,white,black,21,15,164625,2,990,0
5,test,na,na,Intent,.png,target58-target47,1,na,500,1500,1,1,0,1,2,3,4,5,6,7,8,9,10,na,na,white,black,22,5,165977,3,848,0
3,test,na,na,Intent,.png,target30-target35,1,na,500,1500,1,1,0,1,2,3,4,5,6,7,8,9,10,na,na,white,black,23,3,167232,3,749,0
1,test,na,na,Intent,.png,target14-target29,1,na,500,1500,1,1,0,1,2,3,4,5,6,7,8,9,10,na,na,white,black,24,1,168415,3,677,0
6,test,na,na,Intent,.png,target8-target40,1,na,500,1500,1,1,0,1,2,3,4,5,6,7,8,9,10,na,na,white,black,25,6,169431,3,512,0
13,test,na,na,Intent,.png,target6,1,na,500,1500,1,1,0,1,2,3,4,5,6,7,8,9,10,na,na,white,black,26,13,170383,3,447,0
17,test,na,na,Intent,.png,target15,1,na,500,1500,1,1,0,1,2,3,4,5,6,7,8,9,10,na,na,white,black,27,17,171647,3,760,0
2,test,na,na,Intent,.png,target16-target55,1,na,500,1500,1,1,0,1,2,3,4,5,6,7,8,9,10,na,na,white,black,28,2,172913,3,761,0
12,test,na,na,Intent,.png,target3,1,na,500,1500,1,1,0,1,2,3,4,5,6,7,8,9,10,na,na,white,black,29,12,174240,2,822,0
14,test,na,na,Intent,.png,target10,1,na,500,1500,1,1,0,1,2,3,4,5,6,7,8,9,10,na,na,white,black,30,14,175632,2,888,0
19,test,na,na,Intent,.png,target46,1,na,500,1500,1,1,0,1,2,3,4,5,6,7,8,9,10,na,na,white,black,31,19,177103,2,965,0
11,test,na,na,Intent,.png,target1,1,na,500,1500,1,1,0,1,2,3,4,5,6,7,8,9,10,na,na,white,black,32,11,178494,2,885,0
4,test,na,na,Intent,.png,target54-target41,1,na,500,1500,1,1,0,1,2,3,4,5,6,7,8,9,10,na,na,white,black,33,4,179912,3,913,0
18,test,na,na,Intent,.png,target42,1,na,500,1500,1,1,0,1,2,3,4,5,6,7,8,9,10,na,na,white,black,34,18,181231,2,815,0
7,test,na,na,Intent,.png,target11-target4,1,na,500,1500,1,1,0,1,2,3,4,5,6,7,8,9,10,na,na,white,black,35,7,182294,3,558,0
16,test,na,na,Intent,.png,target13,1,na,500,1500,1,1,0,1,2,3,4,5,6,7,8,9,10,na,na,white,black,36,16,183534,2,736,0
9,test,na,na,Intent,.png,target49-target2,1,na,500,1500,1,1,0,1,2,3,4,5,6,7,8,9,10,na,na,white,black,37,9,184630,3,591,0
8,test,na,na,Intent,.png,target28-target56,1,na,500,1500,1,1,0,1,2,3,4,5,6,7,8,9,10,na,na,white,black,38,8,185670,2,535,0
20,test,na,na,Intent,.png,target59,1,na,500,1500,1,1,0,1,2,3,4,5,6,7,8,9,10,na,na,white,black,39,20,186670,3,495,0
10,test,na,na,Intent,.png,target57-target27,1,na,500,1500,1,1,0,1,2,3,4,5,6,7,8,9,10,na,na,white,black,40,10,187615,2,440,0
40,test,na,na,Emotion,.png,target59,1,na,500,1500,2,1,0,1,2,3,4,5,6,7,8,9,10,na,na,white,black,41,40,199111,2,1320,0
24,test,na,na,Emotion,.png,target54-target41,1,na,500,1500,2,1,0,1,2,3,4,5,6,7,8,9,10,na,na,white,black,42,24,200958,3,1343,0
32,test,na,na,Emotion,.png,target3,1,na,500,1500,2,1,0,1,2,3,4,5,6,7,8,9,10,na,na,white,black,43,32,202149,2,684,0
30,test,na,na,Emotion,.png,target57-target27,1,na,500,1500,2,1,0,1,2,3,4,5,6,7,8,9,10,na,na,white,black,44,30,203231,7,577,0
28,test,na,na,Emotion,.png,target28-target56,1,na,500,1500,2,1,0,1,2,3,4,5,6,7,8,9,10,na,na,white,black,45,28,204660,9,924,0
35,test,na,na,Emotion,.png,target12,1,na,500,1500,2,1,0,1,2,3,4,5,6,7,8,9,10,na,na,white,black,46,35,205934,6,768,0
37,test,na,na,Emotion,.png,target15,1,na,500,1500,2,1,0,1,2,3,4,5,6,7,8,9,10,na,na,white,black,47,37,207063,5,623,0
34,test,na,na,Emotion,.png,target10,1,na,500,1500,2,1,0,1,2,3,4,5,6,7,8,9,10,na,na,white,black,48,34,208039,8,471,0
38,test,na,na,Emotion,.png,target42,1,na,500,1500,2,1,0,1,2,3,4,5,6,7,8,9,10,na,na,white,black,49,38,209149,9,601,0
33,test,na,na,Emotion,.png,target6,1,na,500,1500,2,1,0,1,2,3,4,5,6,7,8,9,10,na,na,white,black,50,33,210180,6,525,0
27,test,na,na,Emotion,.png,target11-target4,1,na,500,1500,2,1,0,1,2,3,4,5,6,7,8,9,10,na,na,white,black,51,27,211124,7,439,0
22,test,na,na,Emotion,.png,target16-target55,1,na,500,1500,2,1,0,1,2,3,4,5,6,7,8,9,10,na,na,white,black,52,22,212075,8,444,0
31,test,na,na,Emotion,.png,target1,1,na,500,1500,2,1,0,1,2,3,4,5,6,7,8,9,10,na,na,white,black,53,31,212996,9,416,0
23,test,na,na,Emotion,.png,target30-target35,1,na,500,1500,2,1,0,1,2,3,4,5,6,7,8,9,10,na,na,white,black,54,23,213972,5,472,0
26,test,na,na,Emotion,.png,target8-target40,1,na,500,1500,2,1,0,1,2,3,4,5,6,7,8,9,10,na,na,white,black,55,26,214967,6,479,0
36,test,na,na,Emotion,.png,target13,1,na,500,1500,2,1,0,1,2,3,4,5,6,7,8,9,10,na,na,white,black,56,36,216035,4,563,0
29,test,na,na,Emotion,.png,target49-target2,1,na,500,1500,2,1,0,1,2,3,4,5,6,7,8,9,10,na,na,white,black,57,29,216980,8,440,0
39,test,na,na,Emotion,.png,target46,1,na,500,1500,2,1,0,1,2,3,4,5,6,7,8,9,10,na,na,white,black,58,39,218011,7,525,0
25,test,na,na,Emotion,.png,target58-target47,1,na,500,1500,2,1,0,1,2,3,4,5,6,7,8,9,10,na,na,white,black,59,25,219645,6,1128,0
21,test,na,na,Emotion,.png,target14-target29,1,na,500,1500,2,1,0,1,2,3,4,5,6,7,8,9,10,na,na,white,black,60,21,220635,5,484,0
73,test,na,na,Meaning,.png,target6,1,na,500,1500,4,1,0,1,2,3,4,5,6,7,8,9,10,na,na,white,black,61,73,229004,5,1112,0
67,test,na,na,Meaning,.png,target11-target4,1,na,500,1500,4,1,0,1,2,3,4,5,6,7,8,9,10,na,na,white,black,62,67,230124,4,614,0
64,test,na,na,Meaning,.png,target54-target41,1,na,500,1500,4,1,0,1,2,3,4,5,6,7,8,9,10,na,na,white,black,63,64,231290,3,662,0
61,test,na,na,Meaning,.png,target14-target29,1,na,500,1500,4,1,0,1,2,3,4,5,6,7,8,9,10,na,na,white,black,64,61,232242,4,448,0
65,test,na,na,Meaning,.png,target58-target47,1,na,500,1500,4,1,0,1,2,3,4,5,6,7,8,9,10,na,na,white,black,65,65,233242,8,495,0
79,test,na,na,Meaning,.png,target46,1,na,500,1500,4,1,0,1,2,3,4,5,6,7,8,9,10,na,na,white,black,66,79,234178,9,432,0
75,test,na,na,Meaning,.png,target12,1,na,500,1500,4,1,0,1,2,3,4,5,6,7,8,9,10,na,na,white,black,67,75,235827,6,1144,0
76,test,na,na,Meaning,.png,target13,1,na,500,1500,4,1,0,1,2,3,4,5,6,7,8,9,10,na,na,white,black,68,76,238635,4,785,0
71,test,na,na,Meaning,.png,target1,1,na,500,1500,4,1,0,1,2,3,4,5,6,7,8,9,10,na,na,white,black,69,71,239922,3,780,0
72,test,na,na,Meaning,.png,target3,1,na,500,1500,4,1,0,1,2,3,4,5,6,7,8,9,10,na,na,white,black,70,72,240962,5,533,0
74,test,na,na,Meaning,.png,target10,1,na,500,1500,4,1,0,1,2,3,4,5,6,7,8,9,10,na,na,white,black,71,74,241946,6,479,0
69,test,na,na,Meaning,.png,target49-target2,1,na,500,1500,4,1,0,1,2,3,4,5,6,7,8,9,10,na,na,white,black,72,69,242914,7,465,0
70,test,na,na,Meaning,.png,target57-target27,1,na,500,1500,4,1,0,1,2,3,4,5,6,7,8,9,10,na,na,white,black,73,70,243881,8,461,0
63,test,na,na,Meaning,.png,target30-target35,1,na,500,1500,4,1,0,1,2,3,4,5,6,7,8,9,10,na,na,white,black,74,63,244852,5,465,0
68,test,na,na,Meaning,.png,target28-target56,1,na,500,1500,4,1,0,1,2,3,4,5,6,7,8,9,10,na,na,white,black,75,68,245793,3,435,0
66,test,na,na,Meaning,.png,target8-target40,1,na,500,1500,4,1,0,1,2,3,4,5,6,7,8,9,10,na,na,white,black,76,66,247202,5,902,0
80,test,na,na,Meaning,.png,target59,1,na,500,1500,4,1,0,1,2,3,4,5,6,7,8,9,10,na,na,white,black,77,80,248225,6,518,0
77,test,na,na,Meaning,.png,target15,1,na,500,1500,4,1,0,1,2,3,4,5,6,7,8,9,10,na,na,white,black,78,77,249289,4,559,0
62,test,na,na,Meaning,.png,target16-target55,1,na,500,1500,4,1,0,1,2,3,4,5,6,7,8,9,10,na,na,white,black,79,62,250267,3,473,0
78,test,na,na,Meaning,.png,target42,1,na,500,1500,4,1,0,1,2,3,4,5,6,7,8,9,10,na,na,white,black,80,78,251217,4,445,0
