calibration,id,age,sex,handedness,nationality,Native language,completionCode
0.74,A1TVPP1HUG5ZQH,39,female,right-handed,united states,english,iw6tM6kB0LaEV4b4

trialNo,type,title,content,trialText,stimFormat,stim1,fixation,key,ITI,presTime,randomBlock,random,button1,button2,button3,button4,button5,button6,button7,button8,button9,button10,button11,responseType,responseOptions,bgColor,textColor,orderPres,orderFile,timestamp,response,RT,correct
49,test,na,na,Motion,.png,target49-target2,1,na,500,1500,3,1,0,1,2,3,4,5,6,7,8,9,10,na,na,white,black,1,49,226148,10,3242,0
56,test,na,na,Motion,.png,target13,1,na,500,1500,3,1,0,1,2,3,4,5,6,7,8,9,10,na,na,white,black,2,56,229835,3,3179,0
47,test,na,na,Motion,.png,target11-target4,1,na,500,1500,3,1,0,1,2,3,4,5,6,7,8,9,10,na,na,white,black,3,47,232747,9,2391,0
45,test,na,na,Motion,.png,target58-target47,1,na,500,1500,3,1,0,1,2,3,4,5,6,7,8,9,10,na,na,white,black,4,45,235803,8,2529,0
57,test,na,na,Motion,.png,target15,1,na,500,1500,3,1,0,1,2,3,4,5,6,7,8,9,10,na,na,white,black,5,57,238411,5,2092,0
50,test,na,na,Motion,.png,target57-target27,1,na,500,1500,3,1,0,1,2,3,4,5,6,7,8,9,10,na,na,white,black,6,50,240843,4,1906,0
51,test,na,na,Motion,.png,target1,1,na,500,1500,3,1,0,1,2,3,4,5,6,7,8,9,10,na,na,white,black,7,51,243443,7,2066,0
46,test,na,na,Motion,.png,target8-target40,1,na,500,1500,3,1,0,1,2,3,4,5,6,7,8,9,10,na,na,white,black,8,46,246499,8,2542,0
59,test,na,na,Motion,.png,target46,1,na,500,1500,3,1,0,1,2,3,4,5,6,7,8,9,10,na,na,white,black,9,59,249451,9,2429,0
55,test,na,na,Motion,.png,target12,1,na,500,1500,3,1,0,1,2,3,4,5,6,7,8,9,10,na,na,white,black,10,55,252907,9,2933,0
60,test,na,na,Motion,.png,target59,1,na,500,1500,3,1,0,1,2,3,4,5,6,7,8,9,10,na,na,white,black,11,60,255283,4,1858,0
43,test,na,na,Motion,.png,target30-target35,1,na,500,1500,3,1,0,1,2,3,4,5,6,7,8,9,10,na,na,white,black,12,43,257475,7,1684,0
41,test,na,na,Motion,.png,target14-target29,1,na,500,1500,3,1,0,1,2,3,4,5,6,7,8,9,10,na,na,white,black,13,41,260371,7,2380,0
53,test,na,na,Motion,.png,target6,1,na,500,1500,3,1,0,1,2,3,4,5,6,7,8,9,10,na,na,white,black,14,53,262011,7,1113,0
52,test,na,na,Motion,.png,target3,1,na,500,1500,3,1,0,1,2,3,4,5,6,7,8,9,10,na,na,white,black,15,52,264123,7,1582,0
58,test,na,na,Motion,.png,target42,1,na,500,1500,3,1,0,1,2,3,4,5,6,7,8,9,10,na,na,white,black,16,58,266403,6,1757,0
54,test,na,na,Motion,.png,target10,1,na,500,1500,3,1,0,1,2,3,4,5,6,7,8,9,10,na,na,white,black,17,54,269347,5,2418,0
48,test,na,na,Motion,.png,target28-target56,1,na,500,1500,3,1,0,1,2,3,4,5,6,7,8,9,10,na,na,white,black,18,48,273091,7,3215,0
42,test,na,na,Motion,.png,target16-target55,1,na,500,1500,3,1,0,1,2,3,4,5,6,7,8,9,10,na,na,white,black,19,42,275699,7,2092,0
44,test,na,na,Motion,.png,target54-target41,1,na,500,1500,3,1,0,1,2,3,4,5,6,7,8,9,10,na,na,white,black,20,44,277883,7,1652,0
70,test,na,na,Meaning,.png,target57-target27,1,na,500,1500,4,1,0,1,2,3,4,5,6,7,8,9,10,na,na,white,black,21,70,300699,7,2634,0
74,test,na,na,Meaning,.png,target10,1,na,500,1500,4,1,0,1,2,3,4,5,6,7,8,9,10,na,na,white,black,22,74,303731,7,2522,0
66,test,na,na,Meaning,.png,target8-target40,1,na,500,1500,4,1,0,1,2,3,4,5,6,7,8,9,10,na,na,white,black,23,66,307819,5,3576,0
62,test,na,na,Meaning,.png,target16-target55,1,na,500,1500,4,1,0,1,2,3,4,5,6,7,8,9,10,na,na,white,black,24,62,312859,5,4516,0
73,test,na,na,Meaning,.png,target6,1,na,500,1500,4,1,0,1,2,3,4,5,6,7,8,9,10,na,na,white,black,25,73,315682,5,2291,0
65,test,na,na,Meaning,.png,target58-target47,1,na,500,1500,4,1,0,1,2,3,4,5,6,7,8,9,10,na,na,white,black,26,65,317714,9,1505,0
64,test,na,na,Meaning,.png,target54-target41,1,na,500,1500,4,1,0,1,2,3,4,5,6,7,8,9,10,na,na,white,black,27,64,320074,9,1848,0
75,test,na,na,Meaning,.png,target12,1,na,500,1500,4,1,0,1,2,3,4,5,6,7,8,9,10,na,na,white,black,28,75,324027,7,3434,0
68,test,na,na,Meaning,.png,target28-target56,1,na,500,1500,4,1,0,1,2,3,4,5,6,7,8,9,10,na,na,white,black,29,68,326771,4,2221,0
77,test,na,na,Meaning,.png,target15,1,na,500,1500,4,1,0,1,2,3,4,5,6,7,8,9,10,na,na,white,black,30,77,328906,5,1613,0
80,test,na,na,Meaning,.png,target59,1,na,500,1500,4,1,0,1,2,3,4,5,6,7,8,9,10,na,na,white,black,31,80,331371,8,1944,0
71,test,na,na,Meaning,.png,target1,1,na,500,1500,4,1,0,1,2,3,4,5,6,7,8,9,10,na,na,white,black,32,71,333618,5,1724,0
67,test,na,na,Meaning,.png,target11-target4,1,na,500,1500,4,1,0,1,2,3,4,5,6,7,8,9,10,na,na,white,black,33,67,336594,8,2467,0
63,test,na,na,Meaning,.png,target30-target35,1,na,500,1500,4,1,0,1,2,3,4,5,6,7,8,9,10,na,na,white,black,34,63,339482,9,2372,0
76,test,na,na,Meaning,.png,target13,1,na,500,1500,4,1,0,1,2,3,4,5,6,7,8,9,10,na,na,white,black,35,76,341533,5,1539,0
72,test,na,na,Meaning,.png,target3,1,na,500,1500,4,1,0,1,2,3,4,5,6,7,8,9,10,na,na,white,black,36,72,346106,5,4055,0
69,test,na,na,Meaning,.png,target49-target2,1,na,500,1500,4,1,0,1,2,3,4,5,6,7,8,9,10,na,na,white,black,37,69,348187,5,1548,0
78,test,na,na,Meaning,.png,target42,1,na,500,1500,4,1,0,1,2,3,4,5,6,7,8,9,10,na,na,white,black,38,78,352115,7,3420,0
79,test,na,na,Meaning,.png,target46,1,na,500,1500,4,1,0,1,2,3,4,5,6,7,8,9,10,na,na,white,black,39,79,354210,8,1577,0
61,test,na,na,Meaning,.png,target14-target29,1,na,500,1500,4,1,0,1,2,3,4,5,6,7,8,9,10,na,na,white,black,40,61,356651,9,1910,0
13,test,na,na,Intent,.png,target6,1,na,500,1500,1,1,0,1,2,3,4,5,6,7,8,9,10,na,na,white,black,41,13,374170,9,2224,0
9,test,na,na,Intent,.png,target49-target2,1,na,500,1500,1,1,0,1,2,3,4,5,6,7,8,9,10,na,na,white,black,42,9,376298,4,1607,0
3,test,na,na,Intent,.png,target30-target35,1,na,500,1500,1,1,0,1,2,3,4,5,6,7,8,9,10,na,na,white,black,43,3,378762,10,1950,0
11,test,na,na,Intent,.png,target1,1,na,500,1500,1,1,0,1,2,3,4,5,6,7,8,9,10,na,na,white,black,44,11,382722,7,3444,0
6,test,na,na,Intent,.png,target8-target40,1,na,500,1500,1,1,0,1,2,3,4,5,6,7,8,9,10,na,na,white,black,45,6,385779,5,2533,0
2,test,na,na,Intent,.png,target16-target55,1,na,500,1500,1,1,0,1,2,3,4,5,6,7,8,9,10,na,na,white,black,46,2,389050,7,2756,0
1,test,na,na,Intent,.png,target14-target29,1,na,500,1500,1,1,0,1,2,3,4,5,6,7,8,9,10,na,na,white,black,47,1,391658,9,2096,0
15,test,na,na,Intent,.png,target12,1,na,500,1500,1,1,0,1,2,3,4,5,6,7,8,9,10,na,na,white,black,48,15,394842,7,2660,0
4,test,na,na,Intent,.png,target54-target41,1,na,500,1500,1,1,0,1,2,3,4,5,6,7,8,9,10,na,na,white,black,49,4,396874,9,1503,0
18,test,na,na,Intent,.png,target42,1,na,500,1500,1,1,0,1,2,3,4,5,6,7,8,9,10,na,na,white,black,50,18,400602,9,3206,0
20,test,na,na,Intent,.png,target59,1,na,500,1500,1,1,0,1,2,3,4,5,6,7,8,9,10,na,na,white,black,51,20,404274,8,3143,0
10,test,na,na,Intent,.png,target57-target27,1,na,500,1500,1,1,0,1,2,3,4,5,6,7,8,9,10,na,na,white,black,52,10,408402,6,3606,0
14,test,na,na,Intent,.png,target10,1,na,500,1500,1,1,0,1,2,3,4,5,6,7,8,9,10,na,na,white,black,53,14,411274,5,2348,0
16,test,na,na,Intent,.png,target13,1,na,500,1500,1,1,0,1,2,3,4,5,6,7,8,9,10,na,na,white,black,54,16,413058,5,1264,0
19,test,na,na,Intent,.png,target46,1,na,500,1500,1,1,0,1,2,3,4,5,6,7,8,9,10,na,na,white,black,55,19,415570,11,1973,0
5,test,na,na,Intent,.png,target58-target47,1,na,500,1500,1,1,0,1,2,3,4,5,6,7,8,9,10,na,na,white,black,56,5,418802,7,2709,0
17,test,na,na,Intent,.png,target15,1,na,500,1500,1,1,0,1,2,3,4,5,6,7,8,9,10,na,na,white,black,57,17,420987,5,1660,0
12,test,na,na,Intent,.png,target3,1,na,500,1500,1,1,0,1,2,3,4,5,6,7,8,9,10,na,na,white,black,58,12,422986,9,1471,0
8,test,na,na,Intent,.png,target28-target56,1,na,500,1500,1,1,0,1,2,3,4,5,6,7,8,9,10,na,na,white,black,59,8,426762,5,3265,0
7,test,na,na,Intent,.png,target11-target4,1,na,500,1500,1,1,0,1,2,3,4,5,6,7,8,9,10,na,na,white,black,60,7,428938,10,1656,0
39,test,na,na,Emotion,.png,target46,1,na,500,1500,2,1,0,1,2,3,4,5,6,7,8,9,10,na,na,white,black,61,39,442811,11,1561,0
30,test,na,na,Emotion,.png,target57-target27,1,na,500,1500,2,1,0,1,2,3,4,5,6,7,8,9,10,na,na,white,black,62,30,445995,9,2676,0
21,test,na,na,Emotion,.png,target14-target29,1,na,500,1500,2,1,0,1,2,3,4,5,6,7,8,9,10,na,na,white,black,63,21,451034,8,4519,0
24,test,na,na,Emotion,.png,target54-target41,1,na,500,1500,2,1,0,1,2,3,4,5,6,7,8,9,10,na,na,white,black,64,24,454378,8,2817,0
22,test,na,na,Emotion,.png,target16-target55,1,na,500,1500,2,1,0,1,2,3,4,5,6,7,8,9,10,na,na,white,black,65,22,457138,6,2239,0
32,test,na,na,Emotion,.png,target3,1,na,500,1500,2,1,0,1,2,3,4,5,6,7,8,9,10,na,na,white,black,66,32,459578,5,1906,0
27,test,na,na,Emotion,.png,target11-target4,1,na,500,1500,2,1,0,1,2,3,4,5,6,7,8,9,10,na,na,white,black,67,27,461970,4,1870,0
29,test,na,na,Emotion,.png,target49-target2,1,na,500,1500,2,1,0,1,2,3,4,5,6,7,8,9,10,na,na,white,black,68,29,465322,5,2840,0
40,test,na,na,Emotion,.png,target59,1,na,500,1500,2,1,0,1,2,3,4,5,6,7,8,9,10,na,na,white,black,69,40,467419,8,1574,0
25,test,na,na,Emotion,.png,target58-target47,1,na,500,1500,2,1,0,1,2,3,4,5,6,7,8,9,10,na,na,white,black,70,25,469458,8,1508,0
37,test,na,na,Emotion,.png,target15,1,na,500,1500,2,1,0,1,2,3,4,5,6,7,8,9,10,na,na,white,black,71,37,471890,6,1907,0
33,test,na,na,Emotion,.png,target6,1,na,500,1500,2,1,0,1,2,3,4,5,6,7,8,9,10,na,na,white,black,72,33,474090,7,1690,0
34,test,na,na,Emotion,.png,target10,1,na,500,1500,2,1,0,1,2,3,4,5,6,7,8,9,10,na,na,white,black,73,34,476666,10,2067,0
28,test,na,na,Emotion,.png,target28-target56,1,na,500,1500,2,1,0,1,2,3,4,5,6,7,8,9,10,na,na,white,black,74,28,479466,4,2283,0
38,test,na,na,Emotion,.png,target42,1,na,500,1500,2,1,0,1,2,3,4,5,6,7,8,9,10,na,na,white,black,75,38,482210,8,2227,0
26,test,na,na,Emotion,.png,target8-target40,1,na,500,1500,2,1,0,1,2,3,4,5,6,7,8,9,10,na,na,white,black,76,26,483842,8,1109,0
23,test,na,na,Emotion,.png,target30-target35,1,na,500,1500,2,1,0,1,2,3,4,5,6,7,8,9,10,na,na,white,black,77,23,485666,8,1284,0
35,test,na,na,Emotion,.png,target12,1,na,500,1500,2,1,0,1,2,3,4,5,6,7,8,9,10,na,na,white,black,78,35,487906,9,1724,0
36,test,na,na,Emotion,.png,target13,1,na,500,1500,2,1,0,1,2,3,4,5,6,7,8,9,10,na,na,white,black,79,36,490130,4,1698,0
31,test,na,na,Emotion,.png,target1,1,na,500,1500,2,1,0,1,2,3,4,5,6,7,8,9,10,na,na,white,black,80,31,492626,9,1975,0
