calibration,id,age,sex,handedness,nationality,Native language,completionCode
0.98,A3F90N8YVKJ4I7,39,male,right-handed,United States,english,NGdmUeBp7PrQWiTW

trialNo,type,title,content,trialText,stimFormat,stim1,fixation,key,ITI,presTime,randomBlock,random,button1,button2,button3,button4,button5,button6,button7,button8,button9,button10,button11,responseType,responseOptions,bgColor,textColor,orderPres,orderFile,timestamp,response,RT,correct
23,test,na,na,Emotion,.png,target30-target35,1,na,500,1500,2,1,0,1,2,3,4,5,6,7,8,9,10,na,na,white,black,1,23,137041,7,2447,0
22,test,na,na,Emotion,.png,target16-target55,1,na,500,1500,2,1,0,1,2,3,4,5,6,7,8,9,10,na,na,white,black,2,22,139484,7,1939,0
24,test,na,na,Emotion,.png,target54-target41,1,na,500,1500,2,1,0,1,2,3,4,5,6,7,8,9,10,na,na,white,black,3,24,141960,5,1972,0
39,test,na,na,Emotion,.png,target46,1,na,500,1500,2,1,0,1,2,3,4,5,6,7,8,9,10,na,na,white,black,4,39,144155,4,1693,0
40,test,na,na,Emotion,.png,target59,1,na,500,1500,2,1,0,1,2,3,4,5,6,7,8,9,10,na,na,white,black,5,40,146059,4,1401,0
27,test,na,na,Emotion,.png,target11-target4,1,na,500,1500,2,1,0,1,2,3,4,5,6,7,8,9,10,na,na,white,black,6,27,147924,7,1361,0
36,test,na,na,Emotion,.png,target13,1,na,500,1500,2,1,0,1,2,3,4,5,6,7,8,9,10,na,na,white,black,7,36,150004,6,1577,0
35,test,na,na,Emotion,.png,target12,1,na,500,1500,2,1,0,1,2,3,4,5,6,7,8,9,10,na,na,white,black,8,35,151823,7,1315,0
21,test,na,na,Emotion,.png,target14-target29,1,na,500,1500,2,1,0,1,2,3,4,5,6,7,8,9,10,na,na,white,black,9,21,153758,6,1431,0
31,test,na,na,Emotion,.png,target1,1,na,500,1500,2,1,0,1,2,3,4,5,6,7,8,9,10,na,na,white,black,10,31,155784,7,1523,0
32,test,na,na,Emotion,.png,target3,1,na,500,1500,2,1,0,1,2,3,4,5,6,7,8,9,10,na,na,white,black,11,32,157780,6,1492,0
29,test,na,na,Emotion,.png,target49-target2,1,na,500,1500,2,1,0,1,2,3,4,5,6,7,8,9,10,na,na,white,black,12,29,159619,6,1336,0
25,test,na,na,Emotion,.png,target58-target47,1,na,500,1500,2,1,0,1,2,3,4,5,6,7,8,9,10,na,na,white,black,13,25,162094,8,1970,0
26,test,na,na,Emotion,.png,target8-target40,1,na,500,1500,2,1,0,1,2,3,4,5,6,7,8,9,10,na,na,white,black,14,26,165006,3,2409,0
38,test,na,na,Emotion,.png,target42,1,na,500,1500,2,1,0,1,2,3,4,5,6,7,8,9,10,na,na,white,black,15,38,166923,3,1414,0
34,test,na,na,Emotion,.png,target10,1,na,500,1500,2,1,0,1,2,3,4,5,6,7,8,9,10,na,na,white,black,16,34,168544,3,1117,0
30,test,na,na,Emotion,.png,target57-target27,1,na,500,1500,2,1,0,1,2,3,4,5,6,7,8,9,10,na,na,white,black,17,30,170779,7,1733,0
33,test,na,na,Emotion,.png,target6,1,na,500,1500,2,1,0,1,2,3,4,5,6,7,8,9,10,na,na,white,black,18,33,172719,5,1437,0
37,test,na,na,Emotion,.png,target15,1,na,500,1500,2,1,0,1,2,3,4,5,6,7,8,9,10,na,na,white,black,19,37,174378,5,1156,0
28,test,na,na,Emotion,.png,target28-target56,1,na,500,1500,2,1,0,1,2,3,4,5,6,7,8,9,10,na,na,white,black,20,28,176440,6,1558,0
9,test,na,na,Intent,.png,target49-target2,1,na,500,1500,1,1,0,1,2,3,4,5,6,7,8,9,10,na,na,white,black,21,9,189988,6,1769,0
2,test,na,na,Intent,.png,target16-target55,1,na,500,1500,1,1,0,1,2,3,4,5,6,7,8,9,10,na,na,white,black,22,2,191856,8,1364,0
11,test,na,na,Intent,.png,target1,1,na,500,1500,1,1,0,1,2,3,4,5,6,7,8,9,10,na,na,white,black,23,11,193267,8,908,0
7,test,na,na,Intent,.png,target11-target4,1,na,500,1500,1,1,0,1,2,3,4,5,6,7,8,9,10,na,na,white,black,24,7,194682,8,912,0
1,test,na,na,Intent,.png,target14-target29,1,na,500,1500,1,1,0,1,2,3,4,5,6,7,8,9,10,na,na,white,black,25,1,196215,8,1030,0
12,test,na,na,Intent,.png,target3,1,na,500,1500,1,1,0,1,2,3,4,5,6,7,8,9,10,na,na,white,black,26,12,198143,6,1424,0
17,test,na,na,Intent,.png,target15,1,na,500,1500,1,1,0,1,2,3,4,5,6,7,8,9,10,na,na,white,black,27,17,199585,6,937,0
14,test,na,na,Intent,.png,target10,1,na,500,1500,1,1,0,1,2,3,4,5,6,7,8,9,10,na,na,white,black,28,14,200921,6,831,0
3,test,na,na,Intent,.png,target30-target35,1,na,500,1500,1,1,0,1,2,3,4,5,6,7,8,9,10,na,na,white,black,29,3,202381,8,957,0
20,test,na,na,Intent,.png,target59,1,na,500,1500,1,1,0,1,2,3,4,5,6,7,8,9,10,na,na,white,black,30,20,203662,8,778,0
5,test,na,na,Intent,.png,target58-target47,1,na,500,1500,1,1,0,1,2,3,4,5,6,7,8,9,10,na,na,white,black,31,5,205231,8,1065,0
13,test,na,na,Intent,.png,target6,1,na,500,1500,1,1,0,1,2,3,4,5,6,7,8,9,10,na,na,white,black,32,13,206759,8,1026,0
16,test,na,na,Intent,.png,target13,1,na,500,1500,1,1,0,1,2,3,4,5,6,7,8,9,10,na,na,white,black,33,16,208086,8,824,0
18,test,na,na,Intent,.png,target42,1,na,500,1500,1,1,0,1,2,3,4,5,6,7,8,9,10,na,na,white,black,34,18,209734,6,1144,0
19,test,na,na,Intent,.png,target46,1,na,500,1500,1,1,0,1,2,3,4,5,6,7,8,9,10,na,na,white,black,35,19,211422,9,1185,0
15,test,na,na,Intent,.png,target12,1,na,500,1500,1,1,0,1,2,3,4,5,6,7,8,9,10,na,na,white,black,36,15,213183,8,1257,0
6,test,na,na,Intent,.png,target8-target40,1,na,500,1500,1,1,0,1,2,3,4,5,6,7,8,9,10,na,na,white,black,37,6,215371,8,1684,0
10,test,na,na,Intent,.png,target57-target27,1,na,500,1500,1,1,0,1,2,3,4,5,6,7,8,9,10,na,na,white,black,38,10,217977,7,2103,0
4,test,na,na,Intent,.png,target54-target41,1,na,500,1500,1,1,0,1,2,3,4,5,6,7,8,9,10,na,na,white,black,39,4,219886,9,1405,0
8,test,na,na,Intent,.png,target28-target56,1,na,500,1500,1,1,0,1,2,3,4,5,6,7,8,9,10,na,na,white,black,40,8,221771,6,1381,0
62,test,na,na,Meaning,.png,target16-target55,1,na,500,1500,4,1,0,1,2,3,4,5,6,7,8,9,10,na,na,white,black,41,62,233722,6,1614,0
72,test,na,na,Meaning,.png,target3,1,na,500,1500,4,1,0,1,2,3,4,5,6,7,8,9,10,na,na,white,black,42,72,235157,3,931,0
73,test,na,na,Meaning,.png,target6,1,na,500,1500,4,1,0,1,2,3,4,5,6,7,8,9,10,na,na,white,black,43,73,237092,3,1432,0
67,test,na,na,Meaning,.png,target11-target4,1,na,500,1500,4,1,0,1,2,3,4,5,6,7,8,9,10,na,na,white,black,44,67,238945,3,1350,0
71,test,na,na,Meaning,.png,target1,1,na,500,1500,4,1,0,1,2,3,4,5,6,7,8,9,10,na,na,white,black,45,71,240168,3,720,0
75,test,na,na,Meaning,.png,target12,1,na,500,1500,4,1,0,1,2,3,4,5,6,7,8,9,10,na,na,white,black,46,75,241417,3,745,0
76,test,na,na,Meaning,.png,target13,1,na,500,1500,4,1,0,1,2,3,4,5,6,7,8,9,10,na,na,white,black,47,76,243342,3,1421,0
79,test,na,na,Meaning,.png,target46,1,na,500,1500,4,1,0,1,2,3,4,5,6,7,8,9,10,na,na,white,black,48,79,244956,8,1111,0
64,test,na,na,Meaning,.png,target54-target41,1,na,500,1500,4,1,0,1,2,3,4,5,6,7,8,9,10,na,na,white,black,49,64,246759,10,1299,0
63,test,na,na,Meaning,.png,target30-target35,1,na,500,1500,4,1,0,1,2,3,4,5,6,7,8,9,10,na,na,white,black,50,63,248226,10,962,0
70,test,na,na,Meaning,.png,target57-target27,1,na,500,1500,4,1,0,1,2,3,4,5,6,7,8,9,10,na,na,white,black,51,70,250520,3,1791,0
74,test,na,na,Meaning,.png,target10,1,na,500,1500,4,1,0,1,2,3,4,5,6,7,8,9,10,na,na,white,black,52,74,252190,3,1167,0
77,test,na,na,Meaning,.png,target15,1,na,500,1500,4,1,0,1,2,3,4,5,6,7,8,9,10,na,na,white,black,53,77,253526,3,832,0
69,test,na,na,Meaning,.png,target49-target2,1,na,500,1500,4,1,0,1,2,3,4,5,6,7,8,9,10,na,na,white,black,54,69,254990,3,960,0
66,test,na,na,Meaning,.png,target8-target40,1,na,500,1500,4,1,0,1,2,3,4,5,6,7,8,9,10,na,na,white,black,55,66,256271,3,776,0
80,test,na,na,Meaning,.png,target59,1,na,500,1500,4,1,0,1,2,3,4,5,6,7,8,9,10,na,na,white,black,56,80,258214,7,1439,0
65,test,na,na,Meaning,.png,target58-target47,1,na,500,1500,4,1,0,1,2,3,4,5,6,7,8,9,10,na,na,white,black,57,65,260162,8,1445,0
61,test,na,na,Meaning,.png,target14-target29,1,na,500,1500,4,1,0,1,2,3,4,5,6,7,8,9,10,na,na,white,black,58,61,262096,6,1431,0
78,test,na,na,Meaning,.png,target42,1,na,500,1500,4,1,0,1,2,3,4,5,6,7,8,9,10,na,na,white,black,59,78,263942,3,1343,0
68,test,na,na,Meaning,.png,target28-target56,1,na,500,1500,4,1,0,1,2,3,4,5,6,7,8,9,10,na,na,white,black,60,68,265616,3,1170,0
56,test,na,na,Motion,.png,target13,1,na,500,1500,3,1,0,1,2,3,4,5,6,7,8,9,10,na,na,white,black,61,56,276123,7,1076,0
47,test,na,na,Motion,.png,target11-target4,1,na,500,1500,3,1,0,1,2,3,4,5,6,7,8,9,10,na,na,white,black,62,47,277872,10,1245,0
46,test,na,na,Motion,.png,target8-target40,1,na,500,1500,3,1,0,1,2,3,4,5,6,7,8,9,10,na,na,white,black,63,46,279241,10,866,0
53,test,na,na,Motion,.png,target6,1,na,500,1500,3,1,0,1,2,3,4,5,6,7,8,9,10,na,na,white,black,64,53,280680,10,934,0
52,test,na,na,Motion,.png,target3,1,na,500,1500,3,1,0,1,2,3,4,5,6,7,8,9,10,na,na,white,black,65,52,281996,10,813,0
41,test,na,na,Motion,.png,target14-target29,1,na,500,1500,3,1,0,1,2,3,4,5,6,7,8,9,10,na,na,white,black,66,41,283790,8,1290,0
54,test,na,na,Motion,.png,target10,1,na,500,1500,3,1,0,1,2,3,4,5,6,7,8,9,10,na,na,white,black,67,54,285894,6,1600,0
45,test,na,na,Motion,.png,target58-target47,1,na,500,1500,3,1,0,1,2,3,4,5,6,7,8,9,10,na,na,white,black,68,45,287753,6,1349,0
60,test,na,na,Motion,.png,target59,1,na,500,1500,3,1,0,1,2,3,4,5,6,7,8,9,10,na,na,white,black,69,60,289268,6,1011,0
51,test,na,na,Motion,.png,target1,1,na,500,1500,3,1,0,1,2,3,4,5,6,7,8,9,10,na,na,white,black,70,51,291155,10,1382,0
48,test,na,na,Motion,.png,target28-target56,1,na,500,1500,3,1,0,1,2,3,4,5,6,7,8,9,10,na,na,white,black,71,48,292862,10,1204,0
50,test,na,na,Motion,.png,target57-target27,1,na,500,1500,3,1,0,1,2,3,4,5,6,7,8,9,10,na,na,white,black,72,50,294742,8,1376,0
44,test,na,na,Motion,.png,target54-target41,1,na,500,1500,3,1,0,1,2,3,4,5,6,7,8,9,10,na,na,white,black,73,44,296760,7,1514,0
55,test,na,na,Motion,.png,target12,1,na,500,1500,3,1,0,1,2,3,4,5,6,7,8,9,10,na,na,white,black,74,55,298326,7,1063,0
58,test,na,na,Motion,.png,target42,1,na,500,1500,3,1,0,1,2,3,4,5,6,7,8,9,10,na,na,white,black,75,58,299752,7,922,0
42,test,na,na,Motion,.png,target16-target55,1,na,500,1500,3,1,0,1,2,3,4,5,6,7,8,9,10,na,na,white,black,76,42,301595,7,1338,0
43,test,na,na,Motion,.png,target30-target35,1,na,500,1500,3,1,0,1,2,3,4,5,6,7,8,9,10,na,na,white,black,77,43,303414,10,1317,0
49,test,na,na,Motion,.png,target49-target2,1,na,500,1500,3,1,0,1,2,3,4,5,6,7,8,9,10,na,na,white,black,78,49,304871,10,953,0
59,test,na,na,Motion,.png,target46,1,na,500,1500,3,1,0,1,2,3,4,5,6,7,8,9,10,na,na,white,black,79,59,306184,10,810,0
57,test,na,na,Motion,.png,target15,1,na,500,1500,3,1,0,1,2,3,4,5,6,7,8,9,10,na,na,white,black,80,57,308257,5,1570,0
