calibration,id,age,sex,handedness,nationality,Native language,completionCode
1,A1Z7S5WSYCVE0K,25,male,right-handed,INDIAN ,TAMIL,5HZD4wThYsjgGUSj

trialNo,type,title,content,trialText,stimFormat,stim1,fixation,key,ITI,presTime,randomBlock,random,button1,button2,button3,button4,button5,button6,button7,button8,button9,button10,button11,responseType,responseOptions,bgColor,textColor,orderPres,orderFile,timestamp,response,RT,correct
75,test,na,na,Meaning,.png,target12,1,na,500,1500,4,1,0,1,2,3,4,5,6,7,8,9,10,na,na,white,black,1,75,78612,9,1169,0
63,test,na,na,Meaning,.png,target30-target35,1,na,500,1500,4,1,0,1,2,3,4,5,6,7,8,9,10,na,na,white,black,2,63,80202,8,1075,0
79,test,na,na,Meaning,.png,target46,1,na,500,1500,4,1,0,1,2,3,4,5,6,7,8,9,10,na,na,white,black,3,79,81859,6,1152,0
80,test,na,na,Meaning,.png,target59,1,na,500,1500,4,1,0,1,2,3,4,5,6,7,8,9,10,na,na,white,black,4,80,83418,7,1042,0
68,test,na,na,Meaning,.png,target28-target56,1,na,500,1500,4,1,0,1,2,3,4,5,6,7,8,9,10,na,na,white,black,5,68,84931,8,1004,0
61,test,na,na,Meaning,.png,target14-target29,1,na,500,1500,4,1,0,1,2,3,4,5,6,7,8,9,10,na,na,white,black,6,61,86283,6,844,0
62,test,na,na,Meaning,.png,target16-target55,1,na,500,1500,4,1,0,1,2,3,4,5,6,7,8,9,10,na,na,white,black,7,62,87724,6,935,0
76,test,na,na,Meaning,.png,target13,1,na,500,1500,4,1,0,1,2,3,4,5,6,7,8,9,10,na,na,white,black,8,76,89125,7,893,0
66,test,na,na,Meaning,.png,target8-target40,1,na,500,1500,4,1,0,1,2,3,4,5,6,7,8,9,10,na,na,white,black,9,66,90988,8,1356,0
70,test,na,na,Meaning,.png,target57-target27,1,na,500,1500,4,1,0,1,2,3,4,5,6,7,8,9,10,na,na,white,black,10,70,92530,7,1034,0
67,test,na,na,Meaning,.png,target11-target4,1,na,500,1500,4,1,0,1,2,3,4,5,6,7,8,9,10,na,na,white,black,11,67,94230,8,1193,0
78,test,na,na,Meaning,.png,target42,1,na,500,1500,4,1,0,1,2,3,4,5,6,7,8,9,10,na,na,white,black,12,78,96336,9,1601,0
73,test,na,na,Meaning,.png,target6,1,na,500,1500,4,1,0,1,2,3,4,5,6,7,8,9,10,na,na,white,black,13,73,97404,5,563,0
74,test,na,na,Meaning,.png,target10,1,na,500,1500,4,1,0,1,2,3,4,5,6,7,8,9,10,na,na,white,black,14,74,98515,4,602,0
69,test,na,na,Meaning,.png,target49-target2,1,na,500,1500,4,1,0,1,2,3,4,5,6,7,8,9,10,na,na,white,black,15,69,99626,7,607,0
77,test,na,na,Meaning,.png,target15,1,na,500,1500,4,1,0,1,2,3,4,5,6,7,8,9,10,na,na,white,black,16,77,100586,6,457,0
72,test,na,na,Meaning,.png,target3,1,na,500,1500,4,1,0,1,2,3,4,5,6,7,8,9,10,na,na,white,black,17,72,101520,9,429,0
71,test,na,na,Meaning,.png,target1,1,na,500,1500,4,1,0,1,2,3,4,5,6,7,8,9,10,na,na,white,black,18,71,102804,6,778,0
64,test,na,na,Meaning,.png,target54-target41,1,na,500,1500,4,1,0,1,2,3,4,5,6,7,8,9,10,na,na,white,black,19,64,103901,9,575,0
65,test,na,na,Meaning,.png,target58-target47,1,na,500,1500,4,1,0,1,2,3,4,5,6,7,8,9,10,na,na,white,black,20,65,104949,6,541,0
28,test,na,na,Emotion,.png,target28-target56,1,na,500,1500,2,1,0,1,2,3,4,5,6,7,8,9,10,na,na,white,black,21,28,126531,8,1185,0
35,test,na,na,Emotion,.png,target12,1,na,500,1500,2,1,0,1,2,3,4,5,6,7,8,9,10,na,na,white,black,22,35,127798,9,761,0
23,test,na,na,Emotion,.png,target30-target35,1,na,500,1500,2,1,0,1,2,3,4,5,6,7,8,9,10,na,na,white,black,23,23,129035,7,730,0
21,test,na,na,Emotion,.png,target14-target29,1,na,500,1500,2,1,0,1,2,3,4,5,6,7,8,9,10,na,na,white,black,24,21,130325,6,783,0
40,test,na,na,Emotion,.png,target59,1,na,500,1500,2,1,0,1,2,3,4,5,6,7,8,9,10,na,na,white,black,25,40,131464,7,634,0
27,test,na,na,Emotion,.png,target11-target4,1,na,500,1500,2,1,0,1,2,3,4,5,6,7,8,9,10,na,na,white,black,26,27,132563,8,597,0
32,test,na,na,Emotion,.png,target3,1,na,500,1500,2,1,0,1,2,3,4,5,6,7,8,9,10,na,na,white,black,27,32,133827,6,759,0
22,test,na,na,Emotion,.png,target16-target55,1,na,500,1500,2,1,0,1,2,3,4,5,6,7,8,9,10,na,na,white,black,28,22,135417,5,1083,0
34,test,na,na,Emotion,.png,target10,1,na,500,1500,2,1,0,1,2,3,4,5,6,7,8,9,10,na,na,white,black,29,34,136617,6,693,0
29,test,na,na,Emotion,.png,target49-target2,1,na,500,1500,2,1,0,1,2,3,4,5,6,7,8,9,10,na,na,white,black,30,29,138340,7,1215,0
31,test,na,na,Emotion,.png,target1,1,na,500,1500,2,1,0,1,2,3,4,5,6,7,8,9,10,na,na,white,black,31,31,139371,8,518,0
30,test,na,na,Emotion,.png,target57-target27,1,na,500,1500,2,1,0,1,2,3,4,5,6,7,8,9,10,na,na,white,black,32,30,140353,5,476,0
33,test,na,na,Emotion,.png,target6,1,na,500,1500,2,1,0,1,2,3,4,5,6,7,8,9,10,na,na,white,black,33,33,141870,7,1009,0
38,test,na,na,Emotion,.png,target42,1,na,500,1500,2,1,0,1,2,3,4,5,6,7,8,9,10,na,na,white,black,34,38,143140,6,763,0
36,test,na,na,Emotion,.png,target13,1,na,500,1500,2,1,0,1,2,3,4,5,6,7,8,9,10,na,na,white,black,35,36,144599,8,948,0
37,test,na,na,Emotion,.png,target15,1,na,500,1500,2,1,0,1,2,3,4,5,6,7,8,9,10,na,na,white,black,36,37,146053,5,949,0
24,test,na,na,Emotion,.png,target54-target41,1,na,500,1500,2,1,0,1,2,3,4,5,6,7,8,9,10,na,na,white,black,37,24,148412,8,1842,0
39,test,na,na,Emotion,.png,target46,1,na,500,1500,2,1,0,1,2,3,4,5,6,7,8,9,10,na,na,white,black,38,39,150563,5,1645,0
26,test,na,na,Emotion,.png,target8-target40,1,na,500,1500,2,1,0,1,2,3,4,5,6,7,8,9,10,na,na,white,black,39,26,152196,7,1126,0
25,test,na,na,Emotion,.png,target58-target47,1,na,500,1500,2,1,0,1,2,3,4,5,6,7,8,9,10,na,na,white,black,40,25,153794,8,1094,0
11,test,na,na,Intent,.png,target1,1,na,500,1500,1,1,0,1,2,3,4,5,6,7,8,9,10,na,na,white,black,41,11,161655,8,1130,0
14,test,na,na,Intent,.png,target10,1,na,500,1500,1,1,0,1,2,3,4,5,6,7,8,9,10,na,na,white,black,42,14,163067,7,905,0
17,test,na,na,Intent,.png,target15,1,na,500,1500,1,1,0,1,2,3,4,5,6,7,8,9,10,na,na,white,black,43,17,164026,8,454,0
1,test,na,na,Intent,.png,target14-target29,1,na,500,1500,1,1,0,1,2,3,4,5,6,7,8,9,10,na,na,white,black,44,1,165118,8,584,0
19,test,na,na,Intent,.png,target46,1,na,500,1500,1,1,0,1,2,3,4,5,6,7,8,9,10,na,na,white,black,45,19,167432,8,1807,0
10,test,na,na,Intent,.png,target57-target27,1,na,500,1500,1,1,0,1,2,3,4,5,6,7,8,9,10,na,na,white,black,46,10,168842,7,891,0
5,test,na,na,Intent,.png,target58-target47,1,na,500,1500,1,1,0,1,2,3,4,5,6,7,8,9,10,na,na,white,black,47,5,169923,6,575,0
13,test,na,na,Intent,.png,target6,1,na,500,1500,1,1,0,1,2,3,4,5,6,7,8,9,10,na,na,white,black,48,13,171075,9,644,0
2,test,na,na,Intent,.png,target16-target55,1,na,500,1500,1,1,0,1,2,3,4,5,6,7,8,9,10,na,na,white,black,49,2,172188,6,609,0
20,test,na,na,Intent,.png,target59,1,na,500,1500,1,1,0,1,2,3,4,5,6,7,8,9,10,na,na,white,black,50,20,173247,5,555,0
8,test,na,na,Intent,.png,target28-target56,1,na,500,1500,1,1,0,1,2,3,4,5,6,7,8,9,10,na,na,white,black,51,8,175320,9,1568,0
6,test,na,na,Intent,.png,target8-target40,1,na,500,1500,1,1,0,1,2,3,4,5,6,7,8,9,10,na,na,white,black,52,6,176316,7,492,0
9,test,na,na,Intent,.png,target49-target2,1,na,500,1500,1,1,0,1,2,3,4,5,6,7,8,9,10,na,na,white,black,53,9,177314,6,490,0
15,test,na,na,Intent,.png,target12,1,na,500,1500,1,1,0,1,2,3,4,5,6,7,8,9,10,na,na,white,black,54,15,178497,7,672,0
12,test,na,na,Intent,.png,target3,1,na,500,1500,1,1,0,1,2,3,4,5,6,7,8,9,10,na,na,white,black,55,12,180071,5,1070,0
7,test,na,na,Intent,.png,target11-target4,1,na,500,1500,1,1,0,1,2,3,4,5,6,7,8,9,10,na,na,white,black,56,7,181603,7,1025,0
4,test,na,na,Intent,.png,target54-target41,1,na,500,1500,1,1,0,1,2,3,4,5,6,7,8,9,10,na,na,white,black,57,4,182843,8,732,0
3,test,na,na,Intent,.png,target30-target35,1,na,500,1500,1,1,0,1,2,3,4,5,6,7,8,9,10,na,na,white,black,58,3,184412,5,1066,0
18,test,na,na,Intent,.png,target42,1,na,500,1500,1,1,0,1,2,3,4,5,6,7,8,9,10,na,na,white,black,59,18,185966,8,1043,0
16,test,na,na,Intent,.png,target13,1,na,500,1500,1,1,0,1,2,3,4,5,6,7,8,9,10,na,na,white,black,60,16,187163,8,690,0
57,test,na,na,Motion,.png,target15,1,na,500,1500,3,1,0,1,2,3,4,5,6,7,8,9,10,na,na,white,black,61,57,197291,6,1157,0
55,test,na,na,Motion,.png,target12,1,na,500,1500,3,1,0,1,2,3,4,5,6,7,8,9,10,na,na,white,black,62,55,198876,7,1075,0
48,test,na,na,Motion,.png,target28-target56,1,na,500,1500,3,1,0,1,2,3,4,5,6,7,8,9,10,na,na,white,black,63,48,199830,8,448,0
41,test,na,na,Motion,.png,target14-target29,1,na,500,1500,3,1,0,1,2,3,4,5,6,7,8,9,10,na,na,white,black,64,41,201163,5,827,0
42,test,na,na,Motion,.png,target16-target55,1,na,500,1500,3,1,0,1,2,3,4,5,6,7,8,9,10,na,na,white,black,65,42,202135,9,470,0
47,test,na,na,Motion,.png,target11-target4,1,na,500,1500,3,1,0,1,2,3,4,5,6,7,8,9,10,na,na,white,black,66,47,203122,5,477,0
51,test,na,na,Motion,.png,target1,1,na,500,1500,3,1,0,1,2,3,4,5,6,7,8,9,10,na,na,white,black,67,51,204029,6,400,0
44,test,na,na,Motion,.png,target54-target41,1,na,500,1500,3,1,0,1,2,3,4,5,6,7,8,9,10,na,na,white,black,68,44,205296,7,761,0
46,test,na,na,Motion,.png,target8-target40,1,na,500,1500,3,1,0,1,2,3,4,5,6,7,8,9,10,na,na,white,black,69,46,206278,8,476,0
59,test,na,na,Motion,.png,target46,1,na,500,1500,3,1,0,1,2,3,4,5,6,7,8,9,10,na,na,white,black,70,59,207294,4,512,0
54,test,na,na,Motion,.png,target10,1,na,500,1500,3,1,0,1,2,3,4,5,6,7,8,9,10,na,na,white,black,71,54,208413,6,600,0
60,test,na,na,Motion,.png,target59,1,na,500,1500,3,1,0,1,2,3,4,5,6,7,8,9,10,na,na,white,black,72,60,209559,7,637,0
49,test,na,na,Motion,.png,target49-target2,1,na,500,1500,3,1,0,1,2,3,4,5,6,7,8,9,10,na,na,white,black,73,49,210677,5,610,0
45,test,na,na,Motion,.png,target58-target47,1,na,500,1500,3,1,0,1,2,3,4,5,6,7,8,9,10,na,na,white,black,74,45,211687,8,505,0
56,test,na,na,Motion,.png,target13,1,na,500,1500,3,1,0,1,2,3,4,5,6,7,8,9,10,na,na,white,black,75,56,213255,6,1064,0
58,test,na,na,Motion,.png,target42,1,na,500,1500,3,1,0,1,2,3,4,5,6,7,8,9,10,na,na,white,black,76,58,214496,7,735,0
50,test,na,na,Motion,.png,target57-target27,1,na,500,1500,3,1,0,1,2,3,4,5,6,7,8,9,10,na,na,white,black,77,50,215898,8,889,0
53,test,na,na,Motion,.png,target6,1,na,500,1500,3,1,0,1,2,3,4,5,6,7,8,9,10,na,na,white,black,78,53,217578,6,1173,0
52,test,na,na,Motion,.png,target3,1,na,500,1500,3,1,0,1,2,3,4,5,6,7,8,9,10,na,na,white,black,79,52,218675,5,591,0
43,test,na,na,Motion,.png,target30-target35,1,na,500,1500,3,1,0,1,2,3,4,5,6,7,8,9,10,na,na,white,black,80,43,219857,7,671,0
